,Unnamed: 0.3,Unnamed: 0.2,Unnamed: 0,Unnamed: 0.1,id,season,city,date,team1,team2,toss_winner,toss_decision,result,dl_applied,winner,win_by_runs,win_by_wickets,player_of_match
0,0,0,0,0,1,2017,Hyderabad,4/5/2017,Sunrisers Hyderabad,Royal Challengers Bangalore,Royal Challengers Bangalore,field,normal,0,Sunrisers Hyderabad,35,0,Yuvraj Singh
1,1,1,1,1,2,2017,Pune,4/6/2017,Mumbai Indians,Rising Pune Supergiant,Rising Pune Supergiant,field,normal,0,Rising Pune Supergiant,0,7,SPD Smith
2,2,2,2,2,3,2017,Rajkot,4/7/2017,Gujarat Lions,Kolkata Knight Riders,Kolkata Knight Riders,field,normal,0,Kolkata Knight Riders,0,10,CA Lynn
3,3,3,3,3,4,2017,Indore,4/8/2017,Rising Pune Supergiant,Kings XI Punjab,Kings XI Punjab,field,normal,0,Kings XI Punjab,0,6,GJ Maxwell
4,4,4,4,4,5,2017,Bangalore,4/8/2017,Royal Challengers Bangalore,Delhi Daredevils,Royal Challengers Bangalore,bat,normal,0,Royal Challengers Bangalore,15,0,KM Jadhav
5,5,5,5,5,6,2017,Hyderabad,4/9/2017,Gujarat Lions,Sunrisers Hyderabad,Sunrisers Hyderabad,field,normal,0,Sunrisers Hyderabad,0,9,Rashid Khan
6,6,6,6,6,7,2017,Mumbai,4/9/2017,Kolkata Knight Riders,Mumbai Indians,Mumbai Indians,field,normal,0,Mumbai Indians,0,4,N Rana
7,7,7,7,7,8,2017,Indore,4/10/2017,Royal Challengers Bangalore,Kings XI Punjab,Royal Challengers Bangalore,bat,normal,0,Kings XI Punjab,0,8,AR Patel
8,8,8,8,8,9,2017,Pune,4/11/2017,Delhi Daredevils,Rising Pune Supergiant,Rising Pune Supergiant,field,normal,0,Delhi Daredevils,97,0,SV Samson
9,9,9,9,9,10,2017,Mumbai,4/12/2017,Sunrisers Hyderabad,Mumbai Indians,Mumbai Indians,field,normal,0,Mumbai Indians,0,4,JJ Bumrah
10,10,10,10,10,11,2017,Kolkata,4/13/2017,Kings XI Punjab,Kolkata Knight Riders,Kolkata Knight Riders,field,normal,0,Kolkata Knight Riders,0,8,SP Narine
11,11,11,11,11,12,2017,Bangalore,4/14/2017,Royal Challengers Bangalore,Mumbai Indians,Mumbai Indians,field,normal,0,Mumbai Indians,0,4,KA Pollard
12,12,12,12,12,13,2017,Rajkot,4/14/2017,Rising Pune Supergiant,Gujarat Lions,Gujarat Lions,field,normal,0,Gujarat Lions,0,7,AJ Tye
13,13,13,13,13,14,2017,Kolkata,4/15/2017,Kolkata Knight Riders,Sunrisers Hyderabad,Sunrisers Hyderabad,field,normal,0,Kolkata Knight Riders,17,0,RV Uthappa
14,14,14,14,14,15,2017,Delhi,4/15/2017,Delhi Daredevils,Kings XI Punjab,Delhi Daredevils,bat,normal,0,Delhi Daredevils,51,0,CJ Anderson
15,15,15,15,15,16,2017,Mumbai,4/16/2017,Gujarat Lions,Mumbai Indians,Mumbai Indians,field,normal,0,Mumbai Indians,0,6,N Rana
16,16,16,16,16,17,2017,Bangalore,4/16/2017,Rising Pune Supergiant,Royal Challengers Bangalore,Royal Challengers Bangalore,field,normal,0,Rising Pune Supergiant,27,0,BA Stokes
17,17,17,17,17,18,2017,Delhi,4/17/2017,Delhi Daredevils,Kolkata Knight Riders,Delhi Daredevils,bat,normal,0,Kolkata Knight Riders,0,4,NM Coulter-Nile
18,18,18,18,18,19,2017,Hyderabad,4/17/2017,Sunrisers Hyderabad,Kings XI Punjab,Kings XI Punjab,field,normal,0,Sunrisers Hyderabad,5,0,B Kumar
19,19,19,19,19,20,2017,Rajkot,4/18/2017,Royal Challengers Bangalore,Gujarat Lions,Gujarat Lions,field,normal,0,Royal Challengers Bangalore,21,0,CH Gayle
20,20,20,20,20,21,2017,Hyderabad,4/19/2017,Sunrisers Hyderabad,Delhi Daredevils,Sunrisers Hyderabad,bat,normal,0,Sunrisers Hyderabad,15,0,KS Williamson
21,21,21,21,21,22,2017,Indore,4/20/2017,Kings XI Punjab,Mumbai Indians,Mumbai Indians,field,normal,0,Mumbai Indians,0,8,JC Buttler
22,22,22,22,22,23,2017,Kolkata,4/21/2017,Kolkata Knight Riders,Gujarat Lions,Gujarat Lions,field,normal,0,Gujarat Lions,0,4,SK Raina
23,23,23,23,23,24,2017,Mumbai,4/22/2017,Mumbai Indians,Delhi Daredevils,Delhi Daredevils,field,normal,0,Mumbai Indians,14,0,MJ McClenaghan
24,24,24,24,24,25,2017,Pune,4/22/2017,Sunrisers Hyderabad,Rising Pune Supergiant,Rising Pune Supergiant,field,normal,0,Rising Pune Supergiant,0,6,MS Dhoni
25,25,25,25,25,26,2017,Rajkot,4/23/2017,Kings XI Punjab,Gujarat Lions,Gujarat Lions,field,normal,0,Kings XI Punjab,26,0,HM Amla
26,26,26,26,26,27,2017,Kolkata,4/23/2017,Kolkata Knight Riders,Royal Challengers Bangalore,Royal Challengers Bangalore,field,normal,0,Kolkata Knight Riders,82,0,NM Coulter-Nile
27,27,27,27,27,28,2017,Mumbai,4/24/2017,Rising Pune Supergiant,Mumbai Indians,Mumbai Indians,field,normal,0,Rising Pune Supergiant,3,0,BA Stokes
28,28,28,28,28,29,2017,Pune,4/26/2017,Rising Pune Supergiant,Kolkata Knight Riders,Kolkata Knight Riders,field,normal,0,Kolkata Knight Riders,0,7,RV Uthappa
29,29,29,29,29,30,2017,Bangalore,4/27/2017,Royal Challengers Bangalore,Gujarat Lions,Gujarat Lions,field,normal,0,Gujarat Lions,0,7,AJ Tye
30,30,30,30,30,31,2017,Kolkata,4/28/2017,Delhi Daredevils,Kolkata Knight Riders,Kolkata Knight Riders,field,normal,0,Kolkata Knight Riders,0,7,G Gambhir
31,31,31,31,31,32,2017,Chandigarh,4/28/2017,Sunrisers Hyderabad,Kings XI Punjab,Kings XI Punjab,field,normal,0,Sunrisers Hyderabad,26,0,Rashid Khan
32,32,32,32,32,33,2017,Pune,4/29/2017,Rising Pune Supergiant,Royal Challengers Bangalore,Royal Challengers Bangalore,field,normal,0,Rising Pune Supergiant,61,0,LH Ferguson
33,33,33,33,33,34,2017,Rajkot,4/29/2017,Gujarat Lions,Mumbai Indians,Gujarat Lions,bat,tie,0,Mumbai Indians,0,0,KH Pandya
34,34,34,34,34,35,2017,Chandigarh,4/30/2017,Delhi Daredevils,Kings XI Punjab,Kings XI Punjab,field,normal,0,Kings XI Punjab,0,10,Sandeep Sharma
35,35,35,35,35,36,2017,Hyderabad,4/30/2017,Sunrisers Hyderabad,Kolkata Knight Riders,Kolkata Knight Riders,field,normal,0,Sunrisers Hyderabad,48,0,DA Warner
36,36,36,36,36,37,2017,Mumbai,5/1/2017,Royal Challengers Bangalore,Mumbai Indians,Royal Challengers Bangalore,bat,normal,0,Mumbai Indians,0,5,RG Sharma
37,37,37,37,37,38,2017,Pune,5/1/2017,Gujarat Lions,Rising Pune Supergiant,Rising Pune Supergiant,field,normal,0,Rising Pune Supergiant,0,5,BA Stokes
38,38,38,38,38,39,2017,Delhi,5/2/2017,Sunrisers Hyderabad,Delhi Daredevils,Delhi Daredevils,field,normal,0,Delhi Daredevils,0,6,Mohammed Shami
39,39,39,39,39,40,2017,Kolkata,5/3/2017,Kolkata Knight Riders,Rising Pune Supergiant,Rising Pune Supergiant,field,normal,0,Rising Pune Supergiant,0,4,RA Tripathi
40,40,40,40,40,41,2017,Delhi,5/4/2017,Gujarat Lions,Delhi Daredevils,Delhi Daredevils,field,normal,0,Delhi Daredevils,0,7,RR Pant
41,41,41,41,41,42,2017,Bangalore,5/5/2017,Kings XI Punjab,Royal Challengers Bangalore,Royal Challengers Bangalore,field,normal,0,Kings XI Punjab,19,0,Sandeep Sharma
42,42,42,42,42,43,2017,Hyderabad,5/6/2017,Rising Pune Supergiant,Sunrisers Hyderabad,Sunrisers Hyderabad,field,normal,0,Rising Pune Supergiant,12,0,JD Unadkat
43,43,43,43,43,44,2017,Delhi,5/6/2017,Mumbai Indians,Delhi Daredevils,Delhi Daredevils,field,normal,0,Mumbai Indians,146,0,LMP Simmons
44,44,44,44,44,45,2017,Bangalore,5/7/2017,Royal Challengers Bangalore,Kolkata Knight Riders,Kolkata Knight Riders,field,normal,0,Kolkata Knight Riders,0,6,SP Narine
45,45,45,45,45,46,2017,Chandigarh,5/7/2017,Kings XI Punjab,Gujarat Lions,Gujarat Lions,field,normal,0,Gujarat Lions,0,6,DR Smith
46,46,46,46,46,47,2017,Hyderabad,5/8/2017,Mumbai Indians,Sunrisers Hyderabad,Mumbai Indians,bat,normal,0,Sunrisers Hyderabad,0,7,S Dhawan
47,47,47,47,47,48,2017,Chandigarh,5/9/2017,Kings XI Punjab,Kolkata Knight Riders,Kolkata Knight Riders,field,normal,0,Kings XI Punjab,14,0,MM Sharma
48,48,48,48,48,49,2017,Kanpur,5/10/2017,Gujarat Lions,Delhi Daredevils,Delhi Daredevils,field,normal,0,Delhi Daredevils,0,2,SS Iyer
49,49,49,49,49,50,2017,Mumbai,5/11/2017,Kings XI Punjab,Mumbai Indians,Mumbai Indians,field,normal,0,Kings XI Punjab,7,0,WP Saha
50,50,50,50,50,51,2017,Delhi,5/12/2017,Delhi Daredevils,Rising Pune Supergiant,Delhi Daredevils,bat,normal,0,Delhi Daredevils,7,0,KK Nair
51,51,51,51,51,52,2017,Kanpur,5/13/2017,Gujarat Lions,Sunrisers Hyderabad,Sunrisers Hyderabad,field,normal,0,Sunrisers Hyderabad,0,8,Mohammed Siraj
52,52,52,52,52,53,2017,Kolkata,5/13/2017,Mumbai Indians,Kolkata Knight Riders,Kolkata Knight Riders,field,normal,0,Mumbai Indians,9,0,AT Rayudu
53,53,53,53,53,54,2017,Pune,5/14/2017,Kings XI Punjab,Rising Pune Supergiant,Rising Pune Supergiant,field,normal,0,Rising Pune Supergiant,0,9,JD Unadkat
54,54,54,54,54,55,2017,Delhi,5/14/2017,Royal Challengers Bangalore,Delhi Daredevils,Royal Challengers Bangalore,bat,normal,0,Royal Challengers Bangalore,10,0,HV Patel
55,55,55,55,55,56,2017,Mumbai,5/16/2017,Rising Pune Supergiant,Mumbai Indians,Mumbai Indians,field,normal,0,Rising Pune Supergiant,20,0,Washington Sundar
56,56,56,56,56,57,2017,Bangalore,5/17/2017,Sunrisers Hyderabad,Kolkata Knight Riders,Kolkata Knight Riders,field,normal,1,Kolkata Knight Riders,0,7,NM Coulter-Nile
57,57,57,57,57,58,2017,Bangalore,5/19/2017,Kolkata Knight Riders,Mumbai Indians,Mumbai Indians,field,normal,0,Mumbai Indians,0,6,KV Sharma
58,58,58,58,58,59,2017,Hyderabad,5/21/2017,Mumbai Indians,Rising Pune Supergiant,Mumbai Indians,bat,normal,0,Mumbai Indians,1,0,KH Pandya
59,59,59,59,59,60,2008,Bangalore,4/18/2008,Kolkata Knight Riders,Royal Challengers Bangalore,Royal Challengers Bangalore,field,normal,0,Kolkata Knight Riders,140,0,BB McCullum
60,60,60,60,60,61,2008,Chandigarh,4/19/2008,Chennai Super Kings,Kings XI Punjab,Chennai Super Kings,bat,normal,0,Chennai Super Kings,33,0,MEK Hussey
61,61,61,61,61,62,2008,Delhi,4/19/2008,Rajasthan Royals,Delhi Daredevils,Rajasthan Royals,bat,normal,0,Delhi Daredevils,0,9,MF Maharoof
62,62,62,62,62,63,2008,Mumbai,4/20/2008,Mumbai Indians,Royal Challengers Bangalore,Mumbai Indians,bat,normal,0,Royal Challengers Bangalore,0,5,MV Boucher
63,63,63,63,63,64,2008,Kolkata,4/20/2008,Deccan Chargers,Kolkata Knight Riders,Deccan Chargers,bat,normal,0,Kolkata Knight Riders,0,5,DJ Hussey
64,64,64,64,64,65,2008,Jaipur,4/21/2008,Kings XI Punjab,Rajasthan Royals,Kings XI Punjab,bat,normal,0,Rajasthan Royals,0,6,SR Watson
65,65,65,65,65,66,2008,Hyderabad,4/22/2008,Deccan Chargers,Delhi Daredevils,Deccan Chargers,bat,normal,0,Delhi Daredevils,0,9,V Sehwag
66,66,66,66,66,67,2008,Chennai,4/23/2008,Chennai Super Kings,Mumbai Indians,Mumbai Indians,field,normal,0,Chennai Super Kings,6,0,ML Hayden
67,67,67,67,67,68,2008,Hyderabad,4/24/2008,Deccan Chargers,Rajasthan Royals,Rajasthan Royals,field,normal,0,Rajasthan Royals,0,3,YK Pathan
68,68,68,68,68,69,2008,Chandigarh,4/25/2008,Kings XI Punjab,Mumbai Indians,Mumbai Indians,field,normal,0,Kings XI Punjab,66,0,KC Sangakkara
69,69,69,69,69,70,2008,Bangalore,4/26/2008,Royal Challengers Bangalore,Rajasthan Royals,Rajasthan Royals,field,normal,0,Rajasthan Royals,0,7,SR Watson
70,70,70,70,70,71,2008,Chennai,4/26/2008,Kolkata Knight Riders,Chennai Super Kings,Kolkata Knight Riders,bat,normal,0,Chennai Super Kings,0,9,JDP Oram
71,71,71,71,71,72,2008,Mumbai,4/27/2008,Mumbai Indians,Deccan Chargers,Deccan Chargers,field,normal,0,Deccan Chargers,0,10,AC Gilchrist
72,72,72,72,72,73,2008,Chandigarh,4/27/2008,Delhi Daredevils,Kings XI Punjab,Delhi Daredevils,bat,normal,0,Kings XI Punjab,0,4,SM Katich
73,73,73,73,73,74,2008,Bangalore,4/28/2008,Chennai Super Kings,Royal Challengers Bangalore,Chennai Super Kings,bat,normal,0,Chennai Super Kings,13,0,MS Dhoni
74,74,74,74,74,75,2008,Kolkata,4/29/2008,Kolkata Knight Riders,Mumbai Indians,Kolkata Knight Riders,bat,normal,0,Mumbai Indians,0,7,ST Jayasuriya
75,75,75,75,75,76,2008,Delhi,4/30/2008,Delhi Daredevils,Royal Challengers Bangalore,Royal Challengers Bangalore,field,normal,0,Delhi Daredevils,10,0,GD McGrath
76,76,76,76,76,77,2008,Hyderabad,5/1/2008,Deccan Chargers,Kings XI Punjab,Kings XI Punjab,field,normal,0,Kings XI Punjab,0,7,SE Marsh
77,77,77,77,77,78,2008,Jaipur,5/1/2008,Rajasthan Royals,Kolkata Knight Riders,Rajasthan Royals,bat,normal,0,Rajasthan Royals,45,0,SA Asnodkar
78,78,78,78,78,79,2008,Chennai,5/2/2008,Chennai Super Kings,Delhi Daredevils,Chennai Super Kings,bat,normal,0,Delhi Daredevils,0,8,V Sehwag
79,79,79,79,79,80,2008,Hyderabad,5/25/2008,Deccan Chargers,Royal Challengers Bangalore,Deccan Chargers,bat,normal,0,Royal Challengers Bangalore,0,5,R Vinay Kumar
80,80,80,80,80,81,2008,Chandigarh,5/3/2008,Kings XI Punjab,Kolkata Knight Riders,Kings XI Punjab,bat,normal,0,Kings XI Punjab,9,0,IK Pathan
81,81,81,81,81,82,2008,Mumbai,5/4/2008,Mumbai Indians,Delhi Daredevils,Delhi Daredevils,field,normal,0,Mumbai Indians,29,0,SM Pollock
82,82,82,82,82,83,2008,Jaipur,5/4/2008,Chennai Super Kings,Rajasthan Royals,Chennai Super Kings,bat,normal,0,Rajasthan Royals,0,8,Sohail Tanvir
83,83,83,83,83,84,2008,Bangalore,5/5/2008,Royal Challengers Bangalore,Kings XI Punjab,Kings XI Punjab,field,normal,0,Kings XI Punjab,0,6,S Sreesanth
84,84,84,84,84,85,2008,Chennai,5/6/2008,Chennai Super Kings,Deccan Chargers,Deccan Chargers,field,normal,0,Deccan Chargers,0,7,AC Gilchrist
85,85,85,85,85,86,2008,Mumbai,5/7/2008,Rajasthan Royals,Mumbai Indians,Mumbai Indians,field,normal,0,Mumbai Indians,0,7,A Nehra
86,86,86,86,86,87,2008,Delhi,5/8/2008,Delhi Daredevils,Chennai Super Kings,Chennai Super Kings,field,normal,0,Chennai Super Kings,0,4,MS Dhoni
87,87,87,87,87,88,2008,Kolkata,5/8/2008,Kolkata Knight Riders,Royal Challengers Bangalore,Kolkata Knight Riders,bat,normal,0,Kolkata Knight Riders,5,0,SC Ganguly
88,88,88,88,88,89,2008,Jaipur,5/9/2008,Deccan Chargers,Rajasthan Royals,Rajasthan Royals,field,normal,0,Rajasthan Royals,0,8,YK Pathan
89,89,89,89,89,90,2008,Bangalore,5/28/2008,Royal Challengers Bangalore,Mumbai Indians,Mumbai Indians,field,normal,0,Mumbai Indians,0,9,CRD Fernando
90,90,90,90,90,91,2008,Chennai,5/10/2008,Chennai Super Kings,Kings XI Punjab,Kings XI Punjab,field,normal,0,Chennai Super Kings,18,0,L Balaji
91,91,91,91,91,92,2008,Hyderabad,5/11/2008,Kolkata Knight Riders,Deccan Chargers,Kolkata Knight Riders,bat,normal,0,Kolkata Knight Riders,23,0,SC Ganguly
92,92,92,92,92,93,2008,Jaipur,5/11/2008,Delhi Daredevils,Rajasthan Royals,Rajasthan Royals,field,normal,0,Rajasthan Royals,0,3,SR Watson
93,93,93,93,93,94,2008,Chandigarh,5/12/2008,Royal Challengers Bangalore,Kings XI Punjab,Royal Challengers Bangalore,bat,normal,0,Kings XI Punjab,0,9,SE Marsh
94,94,94,94,94,95,2008,Kolkata,5/13/2008,Kolkata Knight Riders,Delhi Daredevils,Kolkata Knight Riders,bat,normal,0,Kolkata Knight Riders,23,0,Shoaib Akhtar
95,95,95,95,95,96,2008,Mumbai,5/14/2008,Chennai Super Kings,Mumbai Indians,Mumbai Indians,field,normal,0,Mumbai Indians,0,9,ST Jayasuriya
96,96,96,96,96,97,2008,Chandigarh,5/28/2008,Kings XI Punjab,Rajasthan Royals,Rajasthan Royals,field,normal,0,Kings XI Punjab,41,0,SE Marsh
97,97,97,97,97,98,2008,Delhi,5/15/2008,Delhi Daredevils,Deccan Chargers,Deccan Chargers,field,normal,0,Delhi Daredevils,12,0,A Mishra
98,98,98,98,98,99,2008,Mumbai,5/16/2008,Kolkata Knight Riders,Mumbai Indians,Mumbai Indians,field,normal,0,Mumbai Indians,0,8,SM Pollock
99,99,99,99,99,100,2008,Delhi,5/17/2008,Delhi Daredevils,Kings XI Punjab,Delhi Daredevils,bat,normal,1,Kings XI Punjab,6,0,DPMD Jayawardene
100,100,100,100,100,101,2008,Jaipur,5/17/2008,Rajasthan Royals,Royal Challengers Bangalore,Royal Challengers Bangalore,field,normal,0,Rajasthan Royals,65,0,GC Smith
101,101,101,101,101,102,2008,Hyderabad,5/18/2008,Mumbai Indians,Deccan Chargers,Deccan Chargers,field,normal,0,Mumbai Indians,25,0,DJ Bravo
102,102,102,102,102,103,2008,Kolkata,5/18/2008,Kolkata Knight Riders,Chennai Super Kings,Kolkata Knight Riders,bat,normal,1,Chennai Super Kings,3,0,M Ntini
103,103,103,103,103,104,2008,Bangalore,5/19/2008,Royal Challengers Bangalore,Delhi Daredevils,Delhi Daredevils,field,normal,0,Delhi Daredevils,0,5,SP Goswami
104,104,104,104,104,105,2008,Kolkata,5/20/2008,Kolkata Knight Riders,Rajasthan Royals,Rajasthan Royals,field,normal,0,Rajasthan Royals,0,6,YK Pathan
105,105,105,105,105,106,2008,Mumbai,5/21/2008,Kings XI Punjab,Mumbai Indians,Mumbai Indians,field,normal,0,Kings XI Punjab,1,0,SE Marsh
106,106,106,106,106,107,2008,Chennai,5/21/2008,Royal Challengers Bangalore,Chennai Super Kings,Royal Challengers Bangalore,bat,normal,0,Royal Challengers Bangalore,14,0,A Kumble
107,107,107,107,107,108,2008,Chandigarh,5/23/2008,Deccan Chargers,Kings XI Punjab,Kings XI Punjab,field,normal,0,Kings XI Punjab,0,6,SE Marsh
108,108,108,108,108,109,2008,Delhi,5/24/2008,Mumbai Indians,Delhi Daredevils,Delhi Daredevils,field,normal,0,Delhi Daredevils,0,5,KD Karthik
109,109,109,109,109,110,2008,Chennai,5/24/2008,Rajasthan Royals,Chennai Super Kings,Rajasthan Royals,bat,normal,0,Rajasthan Royals,10,0,JA Morkel
110,110,110,110,110,111,2008,Bangalore,5/3/2008,Royal Challengers Bangalore,Deccan Chargers,Deccan Chargers,field,normal,0,Royal Challengers Bangalore,3,0,P Kumar
111,111,111,111,111,112,2008,Kolkata,5/25/2008,Kings XI Punjab,Kolkata Knight Riders,Kings XI Punjab,bat,normal,0,Kolkata Knight Riders,0,3,Umar Gul
112,112,112,112,112,113,2008,Jaipur,5/26/2008,Mumbai Indians,Rajasthan Royals,Rajasthan Royals,field,normal,0,Rajasthan Royals,0,5,Sohail Tanvir
113,113,113,113,113,114,2008,Hyderabad,5/27/2008,Deccan Chargers,Chennai Super Kings,Deccan Chargers,bat,normal,0,Chennai Super Kings,0,7,SK Raina
114,114,114,114,114,115,2008,Mumbai,5/30/2008,Rajasthan Royals,Delhi Daredevils,Delhi Daredevils,field,normal,0,Rajasthan Royals,105,0,SR Watson
115,115,115,115,115,116,2008,Mumbai,5/31/2008,Kings XI Punjab,Chennai Super Kings,Kings XI Punjab,bat,normal,0,Chennai Super Kings,0,9,M Ntini
116,116,116,116,116,117,2008,Mumbai,6/1/2008,Chennai Super Kings,Rajasthan Royals,Rajasthan Royals,field,normal,0,Rajasthan Royals,0,3,YK Pathan
117,117,117,117,117,118,2009,Cape Town,4/18/2009,Mumbai Indians,Chennai Super Kings,Chennai Super Kings,field,normal,0,Mumbai Indians,19,0,SR Tendulkar
118,118,118,118,118,119,2009,Cape Town,4/18/2009,Royal Challengers Bangalore,Rajasthan Royals,Royal Challengers Bangalore,bat,normal,0,Royal Challengers Bangalore,75,0,R Dravid
119,119,119,119,119,120,2009,Cape Town,4/19/2009,Kings XI Punjab,Delhi Daredevils,Delhi Daredevils,field,normal,1,Delhi Daredevils,0,10,DL Vettori
120,120,120,120,120,121,2009,Cape Town,4/19/2009,Kolkata Knight Riders,Deccan Chargers,Kolkata Knight Riders,bat,normal,0,Deccan Chargers,0,8,RP Singh
121,121,121,121,121,122,2009,Port Elizabeth,4/20/2009,Chennai Super Kings,Royal Challengers Bangalore,Chennai Super Kings,bat,normal,0,Chennai Super Kings,92,0,M Muralitharan
122,122,122,122,122,123,2009,Durban,4/21/2009,Kings XI Punjab,Kolkata Knight Riders,Kolkata Knight Riders,field,normal,1,Kolkata Knight Riders,11,0,CH Gayle
123,123,123,123,123,124,2009,Cape Town,4/22/2009,Deccan Chargers,Royal Challengers Bangalore,Deccan Chargers,bat,normal,0,Deccan Chargers,24,0,AC Gilchrist
124,124,124,124,124,125,2009,Durban,4/23/2009,Delhi Daredevils,Chennai Super Kings,Delhi Daredevils,bat,normal,0,Delhi Daredevils,9,0,AB de Villiers
125,125,125,125,125,126,2009,Cape Town,4/23/2009,Rajasthan Royals,Kolkata Knight Riders,Kolkata Knight Riders,field,tie,0,Rajasthan Royals,0,0,YK Pathan
126,126,126,126,126,127,2009,Durban,4/24/2009,Royal Challengers Bangalore,Kings XI Punjab,Royal Challengers Bangalore,bat,normal,0,Kings XI Punjab,0,7,RS Bopara
127,127,127,127,127,128,2009,Durban,4/25/2009,Deccan Chargers,Mumbai Indians,Deccan Chargers,bat,normal,0,Deccan Chargers,12,0,PP Ojha
128,128,128,128,128,129,2009,Port Elizabeth,4/26/2009,Royal Challengers Bangalore,Delhi Daredevils,Royal Challengers Bangalore,bat,normal,0,Delhi Daredevils,0,6,TM Dilshan
129,129,129,129,129,130,2009,Cape Town,4/26/2009,Kings XI Punjab,Rajasthan Royals,Kings XI Punjab,bat,normal,0,Kings XI Punjab,27,0,KC Sangakkara
130,130,130,130,130,131,2009,Durban,4/27/2009,Chennai Super Kings,Deccan Chargers,Deccan Chargers,field,normal,0,Deccan Chargers,0,6,HH Gibbs
131,131,131,131,131,132,2009,Port Elizabeth,4/27/2009,Mumbai Indians,Kolkata Knight Riders,Mumbai Indians,bat,normal,0,Mumbai Indians,92,0,SR Tendulkar
132,132,132,132,132,133,2009,Centurion,4/28/2009,Delhi Daredevils,Rajasthan Royals,Delhi Daredevils,bat,normal,0,Rajasthan Royals,0,5,YK Pathan
133,133,133,133,133,134,2009,Durban,4/29/2009,Kolkata Knight Riders,Royal Challengers Bangalore,Kolkata Knight Riders,bat,normal,0,Royal Challengers Bangalore,0,5,MV Boucher
134,134,134,134,134,135,2009,Durban,4/29/2009,Kings XI Punjab,Mumbai Indians,Kings XI Punjab,bat,normal,0,Kings XI Punjab,3,0,KC Sangakkara
135,135,135,135,135,136,2009,Centurion,4/30/2009,Deccan Chargers,Delhi Daredevils,Delhi Daredevils,field,normal,0,Delhi Daredevils,0,6,DP Nannes
136,136,136,136,136,137,2009,Centurion,4/30/2009,Chennai Super Kings,Rajasthan Royals,Rajasthan Royals,field,normal,0,Chennai Super Kings,38,0,SK Raina
137,137,137,137,137,138,2009,East London,5/1/2009,Mumbai Indians,Kolkata Knight Riders,Mumbai Indians,bat,normal,0,Mumbai Indians,9,0,JP Duminy
138,138,138,138,138,139,2009,Durban,5/1/2009,Royal Challengers Bangalore,Kings XI Punjab,Royal Challengers Bangalore,bat,normal,0,Royal Challengers Bangalore,8,0,Yuvraj Singh
139,139,139,139,139,140,2009,Port Elizabeth,5/2/2009,Deccan Chargers,Rajasthan Royals,Deccan Chargers,bat,normal,0,Rajasthan Royals,0,3,YK Pathan
140,140,140,140,140,141,2009,Johannesburg,5/2/2009,Chennai Super Kings,Delhi Daredevils,Delhi Daredevils,field,normal,0,Chennai Super Kings,18,0,SB Jakati
141,141,141,141,141,142,2009,Port Elizabeth,5/3/2009,Kolkata Knight Riders,Kings XI Punjab,Kolkata Knight Riders,bat,normal,0,Kings XI Punjab,0,6,DPMD Jayawardene
142,142,142,142,142,143,2009,Johannesburg,5/3/2009,Mumbai Indians,Royal Challengers Bangalore,Mumbai Indians,bat,normal,0,Royal Challengers Bangalore,0,9,JH Kallis
143,143,143,143,143,144,2009,East London,5/4/2009,Chennai Super Kings,Deccan Chargers,Chennai Super Kings,bat,normal,0,Chennai Super Kings,78,0,MS Dhoni
144,144,144,144,144,145,2009,Durban,5/5/2009,Rajasthan Royals,Kings XI Punjab,Kings XI Punjab,field,normal,0,Rajasthan Royals,78,0,GC Smith
145,145,145,145,145,146,2009,Durban,5/5/2009,Kolkata Knight Riders,Delhi Daredevils,Kolkata Knight Riders,bat,normal,0,Delhi Daredevils,0,9,G Gambhir
146,146,146,146,146,147,2009,Centurion,5/6/2009,Deccan Chargers,Mumbai Indians,Deccan Chargers,bat,normal,0,Deccan Chargers,19,0,RG Sharma
147,147,147,147,147,148,2009,Centurion,5/7/2009,Royal Challengers Bangalore,Rajasthan Royals,Rajasthan Royals,field,normal,0,Rajasthan Royals,0,7,A Singh
148,148,148,148,148,149,2009,Centurion,5/7/2009,Chennai Super Kings,Kings XI Punjab,Chennai Super Kings,bat,normal,1,Chennai Super Kings,12,0,ML Hayden
149,149,149,149,149,150,2009,East London,5/8/2009,Mumbai Indians,Delhi Daredevils,Mumbai Indians,bat,normal,0,Delhi Daredevils,0,7,A Nehra
150,150,150,150,150,151,2009,Kimberley,5/9/2009,Deccan Chargers,Kings XI Punjab,Kings XI Punjab,field,normal,0,Kings XI Punjab,0,3,DPMD Jayawardene
151,151,151,151,151,152,2009,Kimberley,5/9/2009,Rajasthan Royals,Chennai Super Kings,Rajasthan Royals,bat,normal,0,Chennai Super Kings,0,7,S Badrinath
152,152,152,152,152,153,2009,Port Elizabeth,5/10/2009,Mumbai Indians,Royal Challengers Bangalore,Mumbai Indians,bat,normal,0,Mumbai Indians,16,0,JP Duminy
153,153,153,153,153,154,2009,Johannesburg,5/10/2009,Kolkata Knight Riders,Delhi Daredevils,Delhi Daredevils,field,normal,0,Delhi Daredevils,0,7,A Mishra
154,154,154,154,154,155,2009,Kimberley,5/11/2009,Deccan Chargers,Rajasthan Royals,Deccan Chargers,bat,normal,0,Deccan Chargers,53,0,DR Smith
155,155,155,155,155,156,2009,Centurion,5/12/2009,Kolkata Knight Riders,Royal Challengers Bangalore,Royal Challengers Bangalore,field,normal,0,Royal Challengers Bangalore,0,6,LRPL Taylor
156,156,156,156,156,157,2009,Centurion,5/12/2009,Kings XI Punjab,Mumbai Indians,Kings XI Punjab,bat,normal,0,Mumbai Indians,0,8,Harbhajan Singh
157,157,157,157,157,158,2009,Durban,5/13/2009,Delhi Daredevils,Deccan Chargers,Deccan Chargers,field,normal,0,Delhi Daredevils,12,0,R Bhatia
158,158,158,158,158,159,2009,Durban,5/14/2009,Chennai Super Kings,Royal Challengers Bangalore,Chennai Super Kings,bat,normal,0,Royal Challengers Bangalore,0,2,LRPL Taylor
159,159,159,159,159,160,2009,Durban,5/14/2009,Rajasthan Royals,Mumbai Indians,Rajasthan Royals,bat,normal,0,Rajasthan Royals,2,0,SK Warne
160,160,160,160,160,161,2009,Bloemfontein,5/15/2009,Delhi Daredevils,Kings XI Punjab,Kings XI Punjab,field,normal,0,Kings XI Punjab,0,6,B Lee
161,161,161,161,161,162,2009,Port Elizabeth,5/16/2009,Mumbai Indians,Chennai Super Kings,Mumbai Indians,bat,normal,0,Chennai Super Kings,0,7,ML Hayden
162,162,162,162,162,163,2009,Johannesburg,5/16/2009,Kolkata Knight Riders,Deccan Chargers,Deccan Chargers,field,normal,0,Deccan Chargers,0,6,RG Sharma
163,163,163,163,163,164,2009,Johannesburg,5/17/2009,Kings XI Punjab,Deccan Chargers,Deccan Chargers,field,normal,0,Kings XI Punjab,1,0,Yuvraj Singh
164,164,164,164,164,165,2009,Bloemfontein,5/17/2009,Delhi Daredevils,Rajasthan Royals,Delhi Daredevils,bat,normal,0,Delhi Daredevils,14,0,AB de Villiers
165,165,165,165,165,166,2009,Centurion,5/18/2009,Chennai Super Kings,Kolkata Knight Riders,Chennai Super Kings,bat,normal,0,Kolkata Knight Riders,0,7,BJ Hodge
166,166,166,166,166,167,2009,Johannesburg,5/19/2009,Delhi Daredevils,Royal Challengers Bangalore,Delhi Daredevils,bat,normal,0,Royal Challengers Bangalore,0,7,JH Kallis
167,167,167,167,167,168,2009,Durban,5/20/2009,Rajasthan Royals,Kolkata Knight Riders,Kolkata Knight Riders,field,normal,0,Kolkata Knight Riders,0,4,LR Shukla
168,168,168,168,168,169,2009,Durban,5/20/2009,Chennai Super Kings,Kings XI Punjab,Chennai Super Kings,bat,normal,0,Chennai Super Kings,24,0,M Muralitharan
169,169,169,169,169,170,2009,Centurion,5/21/2009,Mumbai Indians,Delhi Daredevils,Delhi Daredevils,field,normal,0,Delhi Daredevils,0,4,V Sehwag
170,170,170,170,170,171,2009,Centurion,5/21/2009,Royal Challengers Bangalore,Deccan Chargers,Royal Challengers Bangalore,bat,normal,0,Royal Challengers Bangalore,12,0,MK Pandey
171,171,171,171,171,172,2009,Centurion,5/22/2009,Delhi Daredevils,Deccan Chargers,Deccan Chargers,field,normal,0,Deccan Chargers,0,6,AC Gilchrist
172,172,172,172,172,173,2009,Johannesburg,5/23/2009,Chennai Super Kings,Royal Challengers Bangalore,Royal Challengers Bangalore,field,normal,0,Royal Challengers Bangalore,0,6,MK Pandey
173,173,173,173,173,174,2009,Johannesburg,5/24/2009,Deccan Chargers,Royal Challengers Bangalore,Royal Challengers Bangalore,field,normal,0,Deccan Chargers,6,0,A Kumble
174,174,174,174,174,175,2010,Mumbai,3/12/2010,Kolkata Knight Riders,Deccan Chargers,Deccan Chargers,field,normal,0,Kolkata Knight Riders,11,0,AD Mathews
175,175,175,175,175,176,2010,Mumbai,3/13/2010,Mumbai Indians,Rajasthan Royals,Mumbai Indians,bat,normal,0,Mumbai Indians,4,0,YK Pathan
176,176,176,176,176,177,2010,Chandigarh,3/13/2010,Kings XI Punjab,Delhi Daredevils,Delhi Daredevils,field,normal,0,Delhi Daredevils,0,5,G Gambhir
177,177,177,177,177,178,2010,Kolkata,3/14/2010,Royal Challengers Bangalore,Kolkata Knight Riders,Kolkata Knight Riders,field,normal,0,Kolkata Knight Riders,0,7,MK Tiwary
178,178,178,178,178,179,2010,Chennai,3/14/2010,Deccan Chargers,Chennai Super Kings,Deccan Chargers,bat,normal,0,Deccan Chargers,31,0,WPUJC Vaas
179,179,179,179,179,180,2010,Ahmedabad,3/15/2010,Rajasthan Royals,Delhi Daredevils,Delhi Daredevils,field,normal,0,Delhi Daredevils,0,6,V Sehwag
180,180,180,180,180,181,2010,Bangalore,3/16/2010,Kings XI Punjab,Royal Challengers Bangalore,Kings XI Punjab,bat,normal,0,Royal Challengers Bangalore,0,8,JH Kallis
181,181,181,181,181,182,2010,Kolkata,3/16/2010,Chennai Super Kings,Kolkata Knight Riders,Chennai Super Kings,bat,normal,0,Chennai Super Kings,55,0,MS Dhoni
182,182,182,182,182,183,2010,Delhi,3/17/2010,Mumbai Indians,Delhi Daredevils,Delhi Daredevils,field,normal,0,Mumbai Indians,98,0,SR Tendulkar
183,183,183,183,183,184,2010,Bangalore,3/18/2010,Rajasthan Royals,Royal Challengers Bangalore,Royal Challengers Bangalore,field,normal,0,Royal Challengers Bangalore,0,10,JH Kallis
184,184,184,184,184,185,2010,Delhi,3/19/2010,Delhi Daredevils,Chennai Super Kings,Delhi Daredevils,bat,normal,0,Chennai Super Kings,0,5,ML Hayden
185,185,185,185,185,186,2010,Cuttack,3/19/2010,Deccan Chargers,Kings XI Punjab,Kings XI Punjab,field,normal,0,Deccan Chargers,6,0,A Symonds
186,186,186,186,186,187,2010,Ahmedabad,3/20/2010,Rajasthan Royals,Kolkata Knight Riders,Rajasthan Royals,bat,normal,0,Rajasthan Royals,34,0,AA Jhunjhunwala
187,187,187,187,187,188,2010,Mumbai,3/20/2010,Mumbai Indians,Royal Challengers Bangalore,Mumbai Indians,bat,normal,0,Royal Challengers Bangalore,0,7,JH Kallis
188,188,188,188,188,189,2010,Cuttack,3/21/2010,Deccan Chargers,Delhi Daredevils,Deccan Chargers,bat,normal,0,Deccan Chargers,10,0,A Symonds
189,189,189,189,189,190,2010,Chennai,3/21/2010,Kings XI Punjab,Chennai Super Kings,Chennai Super Kings,field,tie,0,Kings XI Punjab,0,0,J Theron
190,190,190,190,190,191,2010,Mumbai,3/22/2010,Kolkata Knight Riders,Mumbai Indians,Kolkata Knight Riders,bat,normal,0,Mumbai Indians,0,7,SR Tendulkar
191,191,191,191,191,192,2010,Bangalore,3/23/2010,Royal Challengers Bangalore,Chennai Super Kings,Chennai Super Kings,field,normal,0,Royal Challengers Bangalore,36,0,RV Uthappa
192,192,192,192,192,193,2010,Chandigarh,3/24/2010,Rajasthan Royals,Kings XI Punjab,Kings XI Punjab,field,normal,0,Rajasthan Royals,31,0,AC Voges
193,193,193,193,193,194,2010,Mumbai,3/25/2010,Chennai Super Kings,Mumbai Indians,Mumbai Indians,field,normal,0,Mumbai Indians,0,5,SR Tendulkar
194,194,194,194,194,195,2010,Ahmedabad,3/26/2010,Deccan Chargers,Rajasthan Royals,Deccan Chargers,bat,normal,0,Rajasthan Royals,0,8,YK Pathan
195,195,195,195,195,196,2010,Chandigarh,3/27/2010,Kolkata Knight Riders,Kings XI Punjab,Kolkata Knight Riders,bat,normal,0,Kolkata Knight Riders,39,0,MK Tiwary
196,196,196,196,196,197,2010,Bangalore,3/25/2010,Delhi Daredevils,Royal Challengers Bangalore,Royal Challengers Bangalore,field,normal,0,Delhi Daredevils,17,0,KM Jadhav
197,197,197,197,197,198,2010,Ahmedabad,3/28/2010,Rajasthan Royals,Chennai Super Kings,Rajasthan Royals,bat,normal,0,Rajasthan Royals,17,0,NV Ojha
198,198,198,198,198,199,2010,Mumbai,3/28/2010,Mumbai Indians,Deccan Chargers,Deccan Chargers,field,normal,0,Mumbai Indians,41,0,Harbhajan Singh
199,199,199,199,199,200,2010,Delhi,3/29/2010,Delhi Daredevils,Kolkata Knight Riders,Delhi Daredevils,bat,normal,0,Delhi Daredevils,40,0,DA Warner
200,200,200,200,200,201,2010,Mumbai,3/30/2010,Kings XI Punjab,Mumbai Indians,Mumbai Indians,field,normal,0,Mumbai Indians,0,4,SL Malinga
201,201,201,201,201,202,2010,Chennai,3/31/2010,Royal Challengers Bangalore,Chennai Super Kings,Royal Challengers Bangalore,bat,normal,0,Chennai Super Kings,0,5,M Vijay
202,202,202,202,202,203,2010,Delhi,3/31/2010,Delhi Daredevils,Rajasthan Royals,Delhi Daredevils,bat,normal,0,Delhi Daredevils,67,0,KD Karthik
203,203,203,203,203,204,2010,Kolkata,4/1/2010,Kolkata Knight Riders,Deccan Chargers,Kolkata Knight Riders,bat,normal,0,Kolkata Knight Riders,24,0,SC Ganguly
204,204,204,204,204,205,2010,Chandigarh,4/2/2010,Kings XI Punjab,Royal Challengers Bangalore,Kings XI Punjab,bat,normal,0,Royal Challengers Bangalore,0,6,KP Pietersen
205,205,205,205,205,206,2010,Chennai,4/3/2010,Chennai Super Kings,Rajasthan Royals,Chennai Super Kings,bat,normal,0,Chennai Super Kings,23,0,M Vijay
206,206,206,206,206,207,2010,Mumbai,4/3/2010,Mumbai Indians,Deccan Chargers,Mumbai Indians,bat,normal,0,Mumbai Indians,63,0,AT Rayudu
207,207,207,207,207,208,2010,Kolkata,4/4/2010,Kolkata Knight Riders,Kings XI Punjab,Kolkata Knight Riders,bat,normal,0,Kings XI Punjab,0,8,DPMD Jayawardene
208,208,208,208,208,209,2010,Delhi,4/4/2010,Delhi Daredevils,Royal Challengers Bangalore,Delhi Daredevils,bat,normal,0,Delhi Daredevils,37,0,PD Collingwood
209,209,209,209,209,210,2010,Nagpur,4/5/2010,Rajasthan Royals,Deccan Chargers,Rajasthan Royals,bat,normal,0,Rajasthan Royals,2,0,SK Warne
210,210,210,210,210,211,2010,Chennai,4/6/2010,Chennai Super Kings,Mumbai Indians,Chennai Super Kings,bat,normal,0,Chennai Super Kings,24,0,SK Raina
211,211,211,211,211,212,2010,Jaipur,4/7/2010,Kings XI Punjab,Rajasthan Royals,Kings XI Punjab,bat,normal,0,Rajasthan Royals,0,9,MJ Lumb
212,212,212,212,212,213,2010,Kolkata,4/7/2010,Kolkata Knight Riders,Delhi Daredevils,Kolkata Knight Riders,bat,normal,0,Kolkata Knight Riders,14,0,SC Ganguly
213,213,213,213,213,214,2010,Bangalore,4/8/2010,Royal Challengers Bangalore,Deccan Chargers,Deccan Chargers,field,normal,0,Deccan Chargers,0,7,TL Suman
214,214,214,214,214,215,2010,Chandigarh,4/9/2010,Mumbai Indians,Kings XI Punjab,Mumbai Indians,bat,normal,0,Kings XI Punjab,0,6,KC Sangakkara
215,215,215,215,215,216,2010,Nagpur,4/10/2010,Chennai Super Kings,Deccan Chargers,Chennai Super Kings,bat,normal,0,Deccan Chargers,0,6,RJ Harris
216,216,216,216,216,217,2010,Bangalore,4/10/2010,Kolkata Knight Riders,Royal Challengers Bangalore,Royal Challengers Bangalore,field,normal,0,Royal Challengers Bangalore,0,7,R Vinay Kumar
217,217,217,217,217,218,2010,Delhi,4/11/2010,Delhi Daredevils,Kings XI Punjab,Delhi Daredevils,bat,normal,0,Kings XI Punjab,0,7,PP Chawla
218,218,218,218,218,219,2010,Jaipur,4/11/2010,Mumbai Indians,Rajasthan Royals,Rajasthan Royals,field,normal,0,Mumbai Indians,37,0,SR Tendulkar
219,219,219,219,219,220,2010,Nagpur,4/12/2010,Deccan Chargers,Royal Challengers Bangalore,Royal Challengers Bangalore,field,normal,0,Deccan Chargers,13,0,Harmeet Singh
220,220,220,220,220,221,2010,Mumbai,4/13/2010,Mumbai Indians,Delhi Daredevils,Mumbai Indians,bat,normal,0,Mumbai Indians,39,0,KA Pollard
221,221,221,221,221,222,2010,Chennai,4/13/2010,Kolkata Knight Riders,Chennai Super Kings,Kolkata Knight Riders,bat,normal,0,Chennai Super Kings,0,9,R Ashwin
222,222,222,222,222,223,2010,Jaipur,4/14/2010,Rajasthan Royals,Royal Challengers Bangalore,Rajasthan Royals,bat,normal,0,Royal Challengers Bangalore,0,5,KP Pietersen
223,223,223,223,223,224,2010,Chennai,4/15/2010,Chennai Super Kings,Delhi Daredevils,Chennai Super Kings,bat,normal,0,Delhi Daredevils,0,6,G Gambhir
224,224,224,224,224,225,2010,Dharamsala,4/16/2010,Kings XI Punjab,Deccan Chargers,Deccan Chargers,field,normal,0,Deccan Chargers,0,5,RG Sharma
225,225,225,225,225,226,2010,Bangalore,4/17/2010,Mumbai Indians,Royal Challengers Bangalore,Royal Challengers Bangalore,field,normal,0,Mumbai Indians,57,0,R McLaren
226,226,226,226,226,227,2010,Kolkata,4/17/2010,Rajasthan Royals,Kolkata Knight Riders,Rajasthan Royals,bat,normal,0,Kolkata Knight Riders,0,8,JD Unadkat
227,227,227,227,227,228,2010,Dharamsala,4/18/2010,Kings XI Punjab,Chennai Super Kings,Chennai Super Kings,field,normal,0,Chennai Super Kings,0,6,MS Dhoni
228,228,228,228,228,229,2010,Delhi,4/18/2010,Deccan Chargers,Delhi Daredevils,Deccan Chargers,bat,normal,0,Deccan Chargers,11,0,A Symonds
229,229,229,229,229,230,2010,Kolkata,4/19/2010,Mumbai Indians,Kolkata Knight Riders,Mumbai Indians,bat,normal,0,Kolkata Knight Riders,0,9,M Kartik
230,230,230,230,230,231,2010,Mumbai,4/21/2010,Mumbai Indians,Royal Challengers Bangalore,Mumbai Indians,bat,normal,0,Mumbai Indians,35,0,KA Pollard
231,231,231,231,231,232,2010,Mumbai,4/22/2010,Chennai Super Kings,Deccan Chargers,Chennai Super Kings,bat,normal,0,Chennai Super Kings,38,0,DE Bollinger
232,232,232,232,232,233,2010,Mumbai,4/24/2010,Deccan Chargers,Royal Challengers Bangalore,Deccan Chargers,bat,normal,0,Royal Challengers Bangalore,0,9,A Kumble
233,233,233,233,233,234,2010,Mumbai,4/25/2010,Chennai Super Kings,Mumbai Indians,Chennai Super Kings,bat,normal,0,Chennai Super Kings,22,0,SK Raina
234,234,234,234,234,235,2011,Chennai,4/8/2011,Chennai Super Kings,Kolkata Knight Riders,Chennai Super Kings,bat,normal,0,Chennai Super Kings,2,0,S Anirudha
235,235,235,235,235,236,2011,Hyderabad,4/9/2011,Deccan Chargers,Rajasthan Royals,Rajasthan Royals,field,normal,0,Rajasthan Royals,0,8,SK Trivedi
236,236,236,236,236,237,2011,Kochi,4/9/2011,Kochi Tuskers Kerala,Royal Challengers Bangalore,Kochi Tuskers Kerala,bat,normal,0,Royal Challengers Bangalore,0,6,AB de Villiers
237,237,237,237,237,238,2011,Delhi,4/10/2011,Delhi Daredevils,Mumbai Indians,Delhi Daredevils,bat,normal,0,Mumbai Indians,0,8,SL Malinga
238,238,238,238,238,239,2011,Mumbai,4/10/2011,Kings XI Punjab,Pune Warriors,Kings XI Punjab,bat,normal,0,Pune Warriors,0,7,SB Wagh
239,239,239,239,239,240,2011,Kolkata,4/11/2011,Kolkata Knight Riders,Deccan Chargers,Kolkata Knight Riders,bat,normal,0,Kolkata Knight Riders,9,0,JH Kallis
240,240,240,240,240,241,2011,Jaipur,4/12/2011,Delhi Daredevils,Rajasthan Royals,Delhi Daredevils,bat,normal,0,Rajasthan Royals,0,6,SK Warne
241,241,241,241,241,242,2011,Bangalore,4/12/2011,Royal Challengers Bangalore,Mumbai Indians,Mumbai Indians,field,normal,0,Mumbai Indians,0,9,SR Tendulkar
242,242,242,242,242,243,2011,Chandigarh,4/13/2011,Chennai Super Kings,Kings XI Punjab,Kings XI Punjab,field,normal,0,Kings XI Punjab,0,6,PC Valthaty
243,243,243,243,243,244,2011,Mumbai,4/13/2011,Kochi Tuskers Kerala,Pune Warriors,Kochi Tuskers Kerala,bat,normal,0,Pune Warriors,0,4,MD Mishra
244,244,244,244,244,245,2011,Hyderabad,4/14/2011,Deccan Chargers,Royal Challengers Bangalore,Royal Challengers Bangalore,field,normal,0,Deccan Chargers,33,0,DW Steyn
245,245,245,245,245,246,2011,Jaipur,4/15/2011,Rajasthan Royals,Kolkata Knight Riders,Kolkata Knight Riders,field,normal,0,Kolkata Knight Riders,0,9,G Gambhir
246,246,246,246,246,247,2011,Mumbai,4/15/2011,Mumbai Indians,Kochi Tuskers Kerala,Kochi Tuskers Kerala,field,normal,0,Kochi Tuskers Kerala,0,8,BB McCullum
247,247,247,247,247,248,2011,Chennai,4/16/2011,Chennai Super Kings,Royal Challengers Bangalore,Chennai Super Kings,bat,normal,0,Chennai Super Kings,21,0,MEK Hussey
248,248,248,248,248,249,2011,Hyderabad,4/16/2011,Deccan Chargers,Kings XI Punjab,Kings XI Punjab,field,normal,0,Kings XI Punjab,0,8,PC Valthaty
249,249,249,249,249,250,2011,Mumbai,4/17/2011,Pune Warriors,Delhi Daredevils,Delhi Daredevils,field,normal,0,Delhi Daredevils,0,3,Yuvraj Singh
250,250,250,250,250,251,2011,Kolkata,4/17/2011,Rajasthan Royals,Kolkata Knight Riders,Kolkata Knight Riders,field,normal,0,Kolkata Knight Riders,0,8,L Balaji
251,251,251,251,251,252,2011,Kochi,4/18/2011,Chennai Super Kings,Kochi Tuskers Kerala,Kochi Tuskers Kerala,field,normal,1,Kochi Tuskers Kerala,0,7,BB McCullum
252,252,252,252,252,253,2011,Delhi,4/19/2011,Deccan Chargers,Delhi Daredevils,Deccan Chargers,bat,normal,0,Deccan Chargers,16,0,S Sohal
253,253,253,253,253,254,2011,Mumbai,4/20/2011,Pune Warriors,Mumbai Indians,Pune Warriors,bat,normal,0,Mumbai Indians,0,7,MM Patel
254,254,254,254,254,255,2011,Kolkata,4/20/2011,Kochi Tuskers Kerala,Kolkata Knight Riders,Kolkata Knight Riders,field,normal,0,Kochi Tuskers Kerala,6,0,DPMD Jayawardene
255,255,255,255,255,256,2011,Chandigarh,4/21/2011,Kings XI Punjab,Rajasthan Royals,Rajasthan Royals,field,normal,0,Kings XI Punjab,48,0,SE Marsh
256,256,256,256,256,257,2011,Mumbai,4/22/2011,Mumbai Indians,Chennai Super Kings,Chennai Super Kings,field,normal,0,Mumbai Indians,8,0,Harbhajan Singh
257,257,257,257,257,258,2011,Kolkata,4/22/2011,Kolkata Knight Riders,Royal Challengers Bangalore,Royal Challengers Bangalore,field,normal,0,Royal Challengers Bangalore,0,9,CH Gayle
258,258,258,258,258,259,2011,Delhi,4/23/2011,Delhi Daredevils,Kings XI Punjab,Kings XI Punjab,field,normal,0,Delhi Daredevils,29,0,DA Warner
259,259,259,259,259,260,2011,Hyderabad,4/24/2011,Mumbai Indians,Deccan Chargers,Deccan Chargers,field,normal,0,Mumbai Indians,37,0,SL Malinga
260,260,260,260,260,261,2011,Jaipur,4/24/2011,Kochi Tuskers Kerala,Rajasthan Royals,Rajasthan Royals,field,normal,0,Rajasthan Royals,0,8,SK Warne
261,261,261,261,261,262,2011,Chennai,4/25/2011,Chennai Super Kings,Pune Warriors,Pune Warriors,field,normal,0,Chennai Super Kings,25,0,MEK Hussey
262,262,262,262,262,263,2011,Delhi,4/26/2011,Delhi Daredevils,Royal Challengers Bangalore,Royal Challengers Bangalore,field,normal,0,Royal Challengers Bangalore,0,3,V Kohli
263,263,263,263,263,264,2011,Mumbai,4/27/2011,Pune Warriors,Chennai Super Kings,Pune Warriors,bat,normal,0,Chennai Super Kings,0,8,DE Bollinger
264,264,264,264,264,265,2011,Kochi,4/27/2011,Deccan Chargers,Kochi Tuskers Kerala,Kochi Tuskers Kerala,field,normal,0,Deccan Chargers,55,0,I Sharma
265,265,265,265,265,266,2011,Delhi,4/28/2011,Kolkata Knight Riders,Delhi Daredevils,Delhi Daredevils,field,normal,0,Kolkata Knight Riders,17,0,MK Tiwary
266,266,266,266,266,267,2011,Jaipur,4/29/2011,Mumbai Indians,Rajasthan Royals,Rajasthan Royals,field,normal,0,Rajasthan Royals,0,7,J Botha
267,267,267,267,267,268,2011,Bangalore,4/29/2011,Royal Challengers Bangalore,Pune Warriors,Pune Warriors,field,normal,0,Royal Challengers Bangalore,26,0,V Kohli
268,268,268,268,268,269,2011,Kochi,4/30/2011,Delhi Daredevils,Kochi Tuskers Kerala,Delhi Daredevils,bat,normal,0,Delhi Daredevils,38,0,V Sehwag
269,269,269,269,269,270,2011,Kolkata,4/30/2011,Kings XI Punjab,Kolkata Knight Riders,Kolkata Knight Riders,field,normal,0,Kolkata Knight Riders,0,8,Iqbal Abdulla
270,270,270,270,270,271,2011,Jaipur,5/1/2011,Pune Warriors,Rajasthan Royals,Rajasthan Royals,field,normal,0,Rajasthan Royals,0,6,LRPL Taylor
271,271,271,271,271,272,2011,Chennai,5/1/2011,Chennai Super Kings,Deccan Chargers,Chennai Super Kings,bat,normal,0,Chennai Super Kings,19,0,JA Morkel
272,272,272,272,272,273,2011,Mumbai,5/2/2011,Mumbai Indians,Kings XI Punjab,Kings XI Punjab,field,normal,0,Mumbai Indians,23,0,KA Pollard
273,273,273,273,273,274,2011,Delhi,5/2/2011,Delhi Daredevils,Kochi Tuskers Kerala,Kochi Tuskers Kerala,field,normal,0,Kochi Tuskers Kerala,0,7,P Parameswaran
274,274,274,274,274,275,2011,Hyderabad,5/3/2011,Kolkata Knight Riders,Deccan Chargers,Deccan Chargers,field,normal,0,Kolkata Knight Riders,20,0,YK Pathan
275,275,275,275,275,276,2011,Chennai,5/4/2011,Rajasthan Royals,Chennai Super Kings,Rajasthan Royals,bat,normal,0,Chennai Super Kings,0,8,MEK Hussey
276,276,276,276,276,277,2011,Mumbai,5/4/2011,Mumbai Indians,Pune Warriors,Pune Warriors,field,normal,0,Mumbai Indians,21,0,R Sharma
277,277,277,277,277,278,2011,Kochi,5/5/2011,Kochi Tuskers Kerala,Kolkata Knight Riders,Kolkata Knight Riders,field,normal,0,Kochi Tuskers Kerala,17,0,BJ Hodge
278,278,278,278,278,279,2011,Hyderabad,5/5/2011,Deccan Chargers,Delhi Daredevils,Delhi Daredevils,field,normal,0,Delhi Daredevils,0,4,V Sehwag
279,279,279,279,279,280,2011,Bangalore,5/6/2011,Royal Challengers Bangalore,Kings XI Punjab,Kings XI Punjab,field,normal,0,Royal Challengers Bangalore,85,0,CH Gayle
280,280,280,280,280,281,2011,Kolkata,5/7/2011,Chennai Super Kings,Kolkata Knight Riders,Chennai Super Kings,bat,normal,1,Kolkata Knight Riders,10,0,Iqbal Abdulla
281,281,281,281,281,282,2011,Mumbai,5/7/2011,Mumbai Indians,Delhi Daredevils,Delhi Daredevils,field,normal,0,Mumbai Indians,32,0,AT Rayudu
282,282,282,282,282,283,2011,Bangalore,5/8/2011,Kochi Tuskers Kerala,Royal Challengers Bangalore,Kochi Tuskers Kerala,bat,normal,0,Royal Challengers Bangalore,0,9,CH Gayle
283,283,283,283,283,284,2011,Chandigarh,5/8/2011,Kings XI Punjab,Pune Warriors,Kings XI Punjab,bat,normal,0,Pune Warriors,0,5,R Sharma
284,284,284,284,284,285,2011,Jaipur,5/9/2011,Chennai Super Kings,Rajasthan Royals,Rajasthan Royals,field,normal,0,Chennai Super Kings,63,0,M Vijay
285,285,285,285,285,286,2011,Hyderabad,5/10/2011,Deccan Chargers,Pune Warriors,Deccan Chargers,bat,normal,0,Pune Warriors,0,6,MR Marsh
286,286,286,286,286,287,2011,Chandigarh,5/10/2011,Kings XI Punjab,Mumbai Indians,Mumbai Indians,field,normal,0,Kings XI Punjab,76,0,BA Bhatt
287,287,287,287,287,288,2011,Jaipur,5/11/2011,Rajasthan Royals,Royal Challengers Bangalore,Royal Challengers Bangalore,field,normal,0,Royal Challengers Bangalore,0,9,S Aravind
288,288,288,288,288,289,2011,Chennai,5/12/2011,Chennai Super Kings,Delhi Daredevils,Chennai Super Kings,bat,normal,0,Chennai Super Kings,18,0,MS Dhoni
289,289,289,289,289,290,2011,Indore,5/13/2011,Kochi Tuskers Kerala,Kings XI Punjab,Kings XI Punjab,field,normal,0,Kings XI Punjab,0,6,KD Karthik
290,290,290,290,290,291,2011,Bangalore,5/14/2011,Kolkata Knight Riders,Royal Challengers Bangalore,Royal Challengers Bangalore,field,normal,1,Royal Challengers Bangalore,0,4,CH Gayle
291,291,291,291,291,292,2011,Mumbai,5/14/2011,Deccan Chargers,Mumbai Indians,Deccan Chargers,bat,normal,0,Deccan Chargers,10,0,A Mishra
292,292,292,292,292,293,2011,Dharamsala,5/15/2011,Kings XI Punjab,Delhi Daredevils,Delhi Daredevils,field,normal,0,Kings XI Punjab,29,0,PP Chawla
293,293,293,293,293,294,2011,Indore,5/15/2011,Rajasthan Royals,Kochi Tuskers Kerala,Kochi Tuskers Kerala,field,normal,0,Kochi Tuskers Kerala,0,8,BJ Hodge
294,294,294,294,294,295,2011,Mumbai,5/16/2011,Pune Warriors,Deccan Chargers,Deccan Chargers,field,normal,0,Deccan Chargers,0,6,A Mishra
295,295,295,295,295,296,2011,Dharamsala,5/17/2011,Kings XI Punjab,Royal Challengers Bangalore,Kings XI Punjab,bat,normal,0,Kings XI Punjab,111,0,AC Gilchrist
296,296,296,296,296,297,2011,Chennai,5/18/2011,Chennai Super Kings,Kochi Tuskers Kerala,Chennai Super Kings,bat,normal,0,Chennai Super Kings,11,0,WP Saha
297,297,297,297,297,298,2011,Mumbai,5/19/2011,Pune Warriors,Kolkata Knight Riders,Kolkata Knight Riders,field,normal,0,Kolkata Knight Riders,0,7,YK Pathan
298,298,298,298,298,299,2011,Mumbai,5/20/2011,Mumbai Indians,Rajasthan Royals,Mumbai Indians,bat,normal,0,Rajasthan Royals,0,10,SR Watson
299,299,299,299,299,300,2011,Dharamsala,5/21/2011,Deccan Chargers,Kings XI Punjab,Kings XI Punjab,field,normal,0,Deccan Chargers,82,0,S Dhawan
300,300,300,300,300,301,2011,Delhi,5/21/2011,Delhi Daredevils,Pune Warriors,Delhi Daredevils,bat,no result,0,,0,0,
301,301,301,301,301,302,2011,Bangalore,5/22/2011,Chennai Super Kings,Royal Challengers Bangalore,Royal Challengers Bangalore,field,normal,0,Royal Challengers Bangalore,0,8,CH Gayle
302,302,302,302,302,303,2011,Kolkata,5/22/2011,Kolkata Knight Riders,Mumbai Indians,Mumbai Indians,field,normal,0,Mumbai Indians,0,5,JEC Franklin
303,303,303,303,303,304,2011,Mumbai,5/24/2011,Royal Challengers Bangalore,Chennai Super Kings,Chennai Super Kings,field,normal,0,Chennai Super Kings,0,6,SK Raina
304,304,304,304,304,305,2011,Mumbai,5/25/2011,Kolkata Knight Riders,Mumbai Indians,Mumbai Indians,field,normal,0,Mumbai Indians,0,4,MM Patel
305,305,305,305,305,306,2011,Chennai,5/27/2011,Royal Challengers Bangalore,Mumbai Indians,Mumbai Indians,field,normal,0,Royal Challengers Bangalore,43,0,CH Gayle
306,306,306,306,306,307,2011,Chennai,5/28/2011,Chennai Super Kings,Royal Challengers Bangalore,Chennai Super Kings,bat,normal,0,Chennai Super Kings,58,0,M Vijay
307,307,307,307,307,308,2012,Chennai,4/4/2012,Chennai Super Kings,Mumbai Indians,Mumbai Indians,field,normal,0,Mumbai Indians,0,8,RE Levi
308,308,308,308,308,309,2012,Kolkata,4/5/2012,Kolkata Knight Riders,Delhi Daredevils,Delhi Daredevils,field,normal,0,Delhi Daredevils,0,8,IK Pathan
309,309,309,309,309,310,2012,Mumbai,4/6/2012,Pune Warriors,Mumbai Indians,Mumbai Indians,field,normal,0,Pune Warriors,28,0,SPD Smith
310,310,310,310,310,311,2012,Jaipur,4/6/2012,Rajasthan Royals,Kings XI Punjab,Kings XI Punjab,field,normal,0,Rajasthan Royals,31,0,AM Rahane
311,311,311,311,311,312,2012,Bangalore,4/7/2012,Royal Challengers Bangalore,Delhi Daredevils,Delhi Daredevils,field,normal,0,Royal Challengers Bangalore,20,0,AB de Villiers
312,312,312,312,312,313,2012,Visakhapatnam,4/7/2012,Chennai Super Kings,Deccan Chargers,Deccan Chargers,field,normal,0,Chennai Super Kings,74,0,RA Jadeja
313,313,313,313,313,314,2012,Jaipur,4/8/2012,Rajasthan Royals,Kolkata Knight Riders,Kolkata Knight Riders,field,normal,0,Rajasthan Royals,22,0,BJ Hodge
314,314,314,314,314,315,2012,Pune,4/8/2012,Pune Warriors,Kings XI Punjab,Pune Warriors,bat,normal,0,Pune Warriors,22,0,MN Samuels
315,315,315,315,315,316,2012,Visakhapatnam,4/9/2012,Deccan Chargers,Mumbai Indians,Deccan Chargers,bat,normal,0,Mumbai Indians,0,5,RG Sharma
316,316,316,316,316,317,2012,Bangalore,4/10/2012,Kolkata Knight Riders,Royal Challengers Bangalore,Royal Challengers Bangalore,field,normal,0,Kolkata Knight Riders,42,0,L Balaji
317,317,317,317,317,318,2012,Delhi,4/10/2012,Chennai Super Kings,Delhi Daredevils,Delhi Daredevils,field,normal,0,Delhi Daredevils,0,8,M Morkel
318,318,318,318,318,319,2012,Mumbai,4/11/2012,Mumbai Indians,Rajasthan Royals,Rajasthan Royals,field,normal,0,Mumbai Indians,27,0,KA Pollard
319,319,319,319,319,320,2012,Chennai,4/12/2012,Royal Challengers Bangalore,Chennai Super Kings,Royal Challengers Bangalore,bat,normal,0,Chennai Super Kings,0,5,F du Plessis
320,320,320,320,320,321,2012,Chandigarh,4/12/2012,Pune Warriors,Kings XI Punjab,Kings XI Punjab,field,normal,0,Kings XI Punjab,0,7,AD Mascarenhas
321,321,321,321,321,322,2012,Kolkata,4/13/2012,Rajasthan Royals,Kolkata Knight Riders,Rajasthan Royals,bat,normal,0,Kolkata Knight Riders,0,5,Shakib Al Hasan
322,322,322,322,322,323,2012,Delhi,4/19/2012,Deccan Chargers,Delhi Daredevils,Deccan Chargers,bat,normal,0,Delhi Daredevils,0,5,KP Pietersen
323,323,323,323,323,324,2012,Pune,4/14/2012,Chennai Super Kings,Pune Warriors,Chennai Super Kings,bat,normal,0,Pune Warriors,0,7,JD Ryder
324,324,324,324,324,325,2012,Kolkata,4/15/2012,Kings XI Punjab,Kolkata Knight Riders,Kolkata Knight Riders,field,normal,0,Kings XI Punjab,2,0,SP Narine
325,325,325,325,325,326,2012,Bangalore,4/15/2012,Rajasthan Royals,Royal Challengers Bangalore,Rajasthan Royals,bat,normal,0,Rajasthan Royals,59,0,AM Rahane
326,326,326,326,326,327,2012,Mumbai,4/16/2012,Mumbai Indians,Delhi Daredevils,Delhi Daredevils,field,normal,0,Delhi Daredevils,0,7,S Nadeem
327,327,327,327,327,328,2012,Jaipur,4/17/2012,Deccan Chargers,Rajasthan Royals,Deccan Chargers,bat,normal,0,Rajasthan Royals,0,5,BJ Hodge
328,328,328,328,328,329,2012,Bangalore,4/17/2012,Pune Warriors,Royal Challengers Bangalore,Pune Warriors,bat,normal,0,Royal Challengers Bangalore,0,6,CH Gayle
329,329,329,329,329,330,2012,Chandigarh,4/18/2012,Kings XI Punjab,Kolkata Knight Riders,Kings XI Punjab,bat,normal,0,Kolkata Knight Riders,0,8,G Gambhir
330,330,330,330,330,331,2012,Hyderabad,5/10/2012,Deccan Chargers,Delhi Daredevils,Deccan Chargers,bat,normal,0,Delhi Daredevils,0,9,DA Warner
331,331,331,331,331,332,2012,Chennai,4/19/2012,Chennai Super Kings,Pune Warriors,Pune Warriors,field,normal,0,Chennai Super Kings,13,0,KMDN Kulasekara
332,332,332,332,332,333,2012,Chandigarh,4/20/2012,Kings XI Punjab,Royal Challengers Bangalore,Royal Challengers Bangalore,field,normal,0,Royal Challengers Bangalore,0,5,CH Gayle
333,333,333,333,333,334,2012,Chennai,4/21/2012,Rajasthan Royals,Chennai Super Kings,Rajasthan Royals,bat,normal,0,Chennai Super Kings,0,7,F du Plessis
334,334,334,334,334,335,2012,Delhi,4/21/2012,Pune Warriors,Delhi Daredevils,Delhi Daredevils,field,normal,0,Pune Warriors,20,0,SC Ganguly
335,335,335,335,335,336,2012,Mumbai,4/22/2012,Mumbai Indians,Kings XI Punjab,Mumbai Indians,bat,normal,0,Kings XI Punjab,0,6,SE Marsh
336,336,336,336,336,337,2012,Cuttack,4/22/2012,Deccan Chargers,Kolkata Knight Riders,Kolkata Knight Riders,field,normal,0,Kolkata Knight Riders,0,5,B Lee
337,337,337,337,337,338,2012,Jaipur,4/23/2012,Royal Challengers Bangalore,Rajasthan Royals,Rajasthan Royals,field,normal,0,Royal Challengers Bangalore,46,0,AB de Villiers
338,338,338,338,338,339,2012,Pune,4/24/2012,Pune Warriors,Delhi Daredevils,Pune Warriors,bat,normal,0,Delhi Daredevils,0,8,V Sehwag
339,339,339,339,339,340,2012,Chandigarh,4/25/2012,Kings XI Punjab,Mumbai Indians,Kings XI Punjab,bat,normal,0,Mumbai Indians,0,4,AT Rayudu
340,340,340,340,340,341,2012,Pune,4/26/2012,Deccan Chargers,Pune Warriors,Deccan Chargers,bat,normal,0,Deccan Chargers,18,0,CL White
341,341,341,341,341,342,2012,Delhi,4/27/2012,Delhi Daredevils,Mumbai Indians,Mumbai Indians,field,normal,0,Delhi Daredevils,37,0,V Sehwag
342,342,342,342,342,343,2012,Chennai,4/28/2012,Kings XI Punjab,Chennai Super Kings,Kings XI Punjab,bat,normal,0,Kings XI Punjab,7,0,Mandeep Singh
343,343,343,343,343,344,2012,Kolkata,4/28/2012,Kolkata Knight Riders,Royal Challengers Bangalore,Kolkata Knight Riders,bat,normal,0,Kolkata Knight Riders,47,0,G Gambhir
344,344,344,344,344,345,2012,Delhi,4/29/2012,Delhi Daredevils,Rajasthan Royals,Delhi Daredevils,bat,normal,0,Delhi Daredevils,1,0,V Sehwag
345,345,345,345,345,346,2012,Mumbai,4/29/2012,Deccan Chargers,Mumbai Indians,Mumbai Indians,field,normal,0,Mumbai Indians,0,5,DW Steyn
346,346,346,346,346,347,2012,Chennai,4/30/2012,Chennai Super Kings,Kolkata Knight Riders,Chennai Super Kings,bat,normal,0,Kolkata Knight Riders,0,5,G Gambhir
347,347,347,347,347,348,2012,Cuttack,5/1/2012,Deccan Chargers,Pune Warriors,Deccan Chargers,bat,normal,0,Deccan Chargers,13,0,KC Sangakkara
348,348,348,348,348,349,2012,Jaipur,5/1/2012,Rajasthan Royals,Delhi Daredevils,Rajasthan Royals,bat,normal,0,Delhi Daredevils,0,6,P Negi
349,349,349,349,349,350,2012,Bangalore,5/2/2012,Royal Challengers Bangalore,Kings XI Punjab,Kings XI Punjab,field,normal,0,Kings XI Punjab,0,4,Azhar Mahmood
350,350,350,350,350,351,2012,Pune,5/3/2012,Mumbai Indians,Pune Warriors,Mumbai Indians,bat,normal,0,Mumbai Indians,1,0,SL Malinga
351,351,351,351,351,352,2012,Chennai,5/4/2012,Chennai Super Kings,Deccan Chargers,Chennai Super Kings,bat,normal,0,Chennai Super Kings,10,0,SK Raina
352,352,352,352,352,353,2012,Kolkata,5/5/2012,Kolkata Knight Riders,Pune Warriors,Kolkata Knight Riders,bat,normal,0,Kolkata Knight Riders,7,0,SP Narine
353,353,353,353,353,354,2012,Chandigarh,5/5/2012,Rajasthan Royals,Kings XI Punjab,Rajasthan Royals,bat,normal,0,Rajasthan Royals,43,0,SR Watson
354,354,354,354,354,355,2012,Mumbai,5/6/2012,Chennai Super Kings,Mumbai Indians,Mumbai Indians,field,normal,0,Mumbai Indians,0,2,DR Smith
355,355,355,355,355,356,2012,Bangalore,5/6/2012,Deccan Chargers,Royal Challengers Bangalore,Royal Challengers Bangalore,field,normal,0,Royal Challengers Bangalore,0,5,AB de Villiers
356,356,356,356,356,357,2012,Delhi,5/7/2012,Delhi Daredevils,Kolkata Knight Riders,Delhi Daredevils,bat,normal,0,Kolkata Knight Riders,0,6,JH Kallis
357,357,357,357,357,358,2012,Pune,5/8/2012,Pune Warriors,Rajasthan Royals,Pune Warriors,bat,normal,0,Rajasthan Royals,0,7,SR Watson
358,358,358,358,358,359,2012,Hyderabad,5/8/2012,Kings XI Punjab,Deccan Chargers,Deccan Chargers,field,normal,0,Kings XI Punjab,25,0,Mandeep Singh
359,359,359,359,359,360,2012,Mumbai,5/9/2012,Mumbai Indians,Royal Challengers Bangalore,Royal Challengers Bangalore,field,normal,0,Royal Challengers Bangalore,0,9,CH Gayle
360,360,360,360,360,361,2012,Jaipur,5/10/2012,Rajasthan Royals,Chennai Super Kings,Chennai Super Kings,field,normal,0,Chennai Super Kings,0,4,BW Hilfenhaus
361,361,361,361,361,362,2012,Pune,5/11/2012,Royal Challengers Bangalore,Pune Warriors,Pune Warriors,field,normal,0,Royal Challengers Bangalore,35,0,CH Gayle
362,362,362,362,362,363,2012,Kolkata,5/12/2012,Mumbai Indians,Kolkata Knight Riders,Mumbai Indians,bat,normal,0,Mumbai Indians,27,0,RG Sharma
363,363,363,363,363,364,2012,Chennai,5/12/2012,Delhi Daredevils,Chennai Super Kings,Chennai Super Kings,field,normal,0,Chennai Super Kings,0,9,BW Hilfenhaus
364,364,364,364,364,365,2012,Jaipur,5/13/2012,Rajasthan Royals,Pune Warriors,Rajasthan Royals,bat,normal,0,Rajasthan Royals,45,0,A Chandila
365,365,365,365,365,366,2012,Chandigarh,5/13/2012,Deccan Chargers,Kings XI Punjab,Deccan Chargers,bat,normal,0,Kings XI Punjab,0,4,DJ Hussey
366,366,366,366,366,367,2012,Bangalore,5/14/2012,Royal Challengers Bangalore,Mumbai Indians,Mumbai Indians,field,normal,0,Mumbai Indians,0,5,AT Rayudu
367,367,367,367,367,368,2012,Kolkata,5/14/2012,Kolkata Knight Riders,Chennai Super Kings,Chennai Super Kings,field,normal,0,Chennai Super Kings,0,5,MEK Hussey
368,368,368,368,368,369,2012,Delhi,5/15/2012,Kings XI Punjab,Delhi Daredevils,Kings XI Punjab,bat,normal,0,Delhi Daredevils,0,5,UT Yadav
369,369,369,369,369,370,2012,Mumbai,5/16/2012,Kolkata Knight Riders,Mumbai Indians,Mumbai Indians,field,normal,0,Kolkata Knight Riders,32,0,SP Narine
370,370,370,370,370,371,2012,Dharamsala,5/17/2012,Chennai Super Kings,Kings XI Punjab,Kings XI Punjab,field,normal,0,Kings XI Punjab,0,6,AC Gilchrist
371,371,371,371,371,372,2012,Delhi,5/17/2012,Royal Challengers Bangalore,Delhi Daredevils,Delhi Daredevils,field,normal,0,Royal Challengers Bangalore,21,0,CH Gayle
372,372,372,372,372,373,2012,Hyderabad,5/18/2012,Rajasthan Royals,Deccan Chargers,Rajasthan Royals,bat,normal,0,Deccan Chargers,0,5,DW Steyn
373,373,373,373,373,374,2012,Dharamsala,5/19/2012,Kings XI Punjab,Delhi Daredevils,Delhi Daredevils,field,normal,0,Delhi Daredevils,0,6,UT Yadav
374,374,374,374,374,375,2012,Pune,5/19/2012,Kolkata Knight Riders,Pune Warriors,Kolkata Knight Riders,bat,normal,0,Kolkata Knight Riders,34,0,Shakib Al Hasan
375,375,375,375,375,376,2012,Hyderabad,5/20/2012,Deccan Chargers,Royal Challengers Bangalore,Royal Challengers Bangalore,field,normal,0,Deccan Chargers,9,0,DW Steyn
376,376,376,376,376,377,2012,Jaipur,5/20/2012,Rajasthan Royals,Mumbai Indians,Rajasthan Royals,bat,normal,0,Mumbai Indians,0,10,DR Smith
377,377,377,377,377,378,2012,Pune,5/22/2012,Kolkata Knight Riders,Delhi Daredevils,Kolkata Knight Riders,bat,normal,0,Kolkata Knight Riders,18,0,YK Pathan
378,378,378,378,378,379,2012,Bangalore,5/23/2012,Chennai Super Kings,Mumbai Indians,Mumbai Indians,field,normal,0,Chennai Super Kings,38,0,MS Dhoni
379,379,379,379,379,380,2012,Chennai,5/25/2012,Chennai Super Kings,Delhi Daredevils,Delhi Daredevils,field,normal,0,Chennai Super Kings,86,0,M Vijay
380,380,380,380,380,381,2012,Chennai,5/27/2012,Chennai Super Kings,Kolkata Knight Riders,Chennai Super Kings,bat,normal,0,Kolkata Knight Riders,0,5,MS Bisla
381,381,381,381,381,382,2013,Kolkata,4/3/2013,Delhi Daredevils,Kolkata Knight Riders,Kolkata Knight Riders,field,normal,0,Kolkata Knight Riders,0,6,SP Narine
382,382,382,382,382,383,2013,Bangalore,4/4/2013,Royal Challengers Bangalore,Mumbai Indians,Mumbai Indians,field,normal,0,Royal Challengers Bangalore,2,0,CH Gayle
383,383,383,383,383,384,2013,Hyderabad,4/5/2013,Sunrisers Hyderabad,Pune Warriors,Pune Warriors,field,normal,0,Sunrisers Hyderabad,22,0,A Mishra
384,384,384,384,384,385,2013,Delhi,4/6/2013,Rajasthan Royals,Delhi Daredevils,Rajasthan Royals,bat,normal,0,Rajasthan Royals,5,0,R Dravid
385,385,385,385,385,386,2013,Chennai,4/6/2013,Mumbai Indians,Chennai Super Kings,Mumbai Indians,bat,normal,0,Mumbai Indians,9,0,KA Pollard
386,386,386,386,386,387,2013,Pune,4/7/2013,Pune Warriors,Kings XI Punjab,Pune Warriors,bat,normal,0,Kings XI Punjab,0,8,M Vohra
387,387,387,387,387,388,2013,Hyderabad,4/7/2013,Royal Challengers Bangalore,Sunrisers Hyderabad,Royal Challengers Bangalore,bat,tie,0,Sunrisers Hyderabad,0,0,GH Vihari
388,388,388,388,388,389,2013,Jaipur,4/8/2013,Rajasthan Royals,Kolkata Knight Riders,Kolkata Knight Riders,field,normal,0,Rajasthan Royals,19,0,SK Trivedi
389,389,389,389,389,390,2013,Mumbai,4/9/2013,Mumbai Indians,Delhi Daredevils,Mumbai Indians,bat,normal,0,Mumbai Indians,44,0,KD Karthik
390,390,390,390,390,391,2013,Chandigarh,4/10/2013,Kings XI Punjab,Chennai Super Kings,Chennai Super Kings,field,normal,0,Chennai Super Kings,0,10,MEK Hussey
391,391,391,391,391,392,2013,Bangalore,4/11/2013,Kolkata Knight Riders,Royal Challengers Bangalore,Royal Challengers Bangalore,field,normal,0,Royal Challengers Bangalore,0,8,CH Gayle
392,392,392,392,392,393,2013,Pune,4/11/2013,Rajasthan Royals,Pune Warriors,Rajasthan Royals,bat,normal,0,Pune Warriors,0,7,AJ Finch
393,393,393,393,393,394,2013,Delhi,4/12/2013,Delhi Daredevils,Sunrisers Hyderabad,Delhi Daredevils,bat,normal,0,Sunrisers Hyderabad,0,3,A Mishra
394,394,394,394,394,395,2013,Mumbai,4/13/2013,Mumbai Indians,Pune Warriors,Mumbai Indians,bat,normal,0,Mumbai Indians,41,0,RG Sharma
395,395,395,395,395,396,2013,Chennai,4/13/2013,Royal Challengers Bangalore,Chennai Super Kings,Chennai Super Kings,field,normal,0,Chennai Super Kings,0,4,RA Jadeja
396,396,396,396,396,397,2013,Kolkata,4/14/2013,Kolkata Knight Riders,Sunrisers Hyderabad,Kolkata Knight Riders,bat,normal,0,Kolkata Knight Riders,48,0,G Gambhir
397,397,397,397,397,398,2013,Jaipur,4/14/2013,Kings XI Punjab,Rajasthan Royals,Rajasthan Royals,field,normal,0,Rajasthan Royals,0,6,JP Faulkner
398,398,398,398,398,399,2013,Chennai,4/15/2013,Pune Warriors,Chennai Super Kings,Pune Warriors,bat,normal,0,Pune Warriors,24,0,SPD Smith
399,399,399,399,399,400,2013,Chandigarh,4/16/2013,Kings XI Punjab,Kolkata Knight Riders,Kolkata Knight Riders,field,normal,0,Kings XI Punjab,4,0,MS Gony
400,400,400,400,400,401,2013,Bangalore,4/16/2013,Delhi Daredevils,Royal Challengers Bangalore,Royal Challengers Bangalore,field,tie,0,Royal Challengers Bangalore,0,0,V Kohli
401,401,401,401,401,402,2013,Pune,4/17/2013,Sunrisers Hyderabad,Pune Warriors,Pune Warriors,field,normal,0,Sunrisers Hyderabad,11,0,A Mishra
402,402,402,402,402,403,2013,Jaipur,4/17/2013,Rajasthan Royals,Mumbai Indians,Rajasthan Royals,bat,normal,0,Rajasthan Royals,87,0,AM Rahane
403,403,403,403,403,404,2013,Delhi,4/18/2013,Chennai Super Kings,Delhi Daredevils,Chennai Super Kings,bat,normal,0,Chennai Super Kings,86,0,MEK Hussey
404,404,404,404,404,405,2013,Hyderabad,4/19/2013,Kings XI Punjab,Sunrisers Hyderabad,Kings XI Punjab,bat,normal,0,Sunrisers Hyderabad,0,5,GH Vihari
405,405,405,405,405,406,2013,Kolkata,4/20/2013,Kolkata Knight Riders,Chennai Super Kings,Kolkata Knight Riders,bat,normal,0,Chennai Super Kings,0,4,RA Jadeja
406,406,406,406,406,407,2013,Bangalore,4/20/2013,Rajasthan Royals,Royal Challengers Bangalore,Royal Challengers Bangalore,field,normal,0,Royal Challengers Bangalore,0,7,R Vinay Kumar
407,407,407,407,407,408,2013,Delhi,4/21/2013,Mumbai Indians,Delhi Daredevils,Mumbai Indians,bat,normal,0,Delhi Daredevils,0,9,V Sehwag
408,408,408,408,408,409,2013,Chandigarh,4/21/2013,Pune Warriors,Kings XI Punjab,Kings XI Punjab,field,normal,0,Kings XI Punjab,0,7,DA Miller
409,409,409,409,409,410,2013,Chennai,4/22/2013,Rajasthan Royals,Chennai Super Kings,Rajasthan Royals,bat,normal,0,Chennai Super Kings,0,5,MEK Hussey
410,410,410,410,410,411,2013,Bangalore,4/23/2013,Royal Challengers Bangalore,Pune Warriors,Pune Warriors,field,normal,0,Royal Challengers Bangalore,130,0,CH Gayle
411,411,411,411,411,412,2013,Dharamsala,5/16/2013,Kings XI Punjab,Delhi Daredevils,Delhi Daredevils,field,normal,0,Kings XI Punjab,7,0,DA Miller
412,412,412,412,412,413,2013,Kolkata,4/24/2013,Kolkata Knight Riders,Mumbai Indians,Kolkata Knight Riders,bat,normal,0,Mumbai Indians,0,5,DR Smith
413,413,413,413,413,414,2013,Chennai,4/25/2013,Sunrisers Hyderabad,Chennai Super Kings,Sunrisers Hyderabad,bat,normal,0,Chennai Super Kings,0,5,MS Dhoni
414,414,414,414,414,415,2013,Kolkata,4/26/2013,Kings XI Punjab,Kolkata Knight Riders,Kings XI Punjab,bat,normal,0,Kolkata Knight Riders,0,6,JH Kallis
415,415,415,415,415,416,2013,Jaipur,4/27/2013,Sunrisers Hyderabad,Rajasthan Royals,Sunrisers Hyderabad,bat,normal,0,Rajasthan Royals,0,8,JP Faulkner
416,416,416,416,416,417,2013,Mumbai,4/27/2013,Mumbai Indians,Royal Challengers Bangalore,Mumbai Indians,bat,normal,0,Mumbai Indians,58,0,DR Smith
417,417,417,417,417,418,2013,Chennai,4/28/2013,Chennai Super Kings,Kolkata Knight Riders,Kolkata Knight Riders,field,normal,0,Chennai Super Kings,14,0,MEK Hussey
418,418,418,418,418,419,2013,Raipur,4/28/2013,Delhi Daredevils,Pune Warriors,Pune Warriors,field,normal,0,Delhi Daredevils,15,0,DA Warner
419,419,419,419,419,420,2013,Jaipur,4/29/2013,Royal Challengers Bangalore,Rajasthan Royals,Rajasthan Royals,field,normal,0,Rajasthan Royals,0,4,SV Samson
420,420,420,420,420,421,2013,Mumbai,4/29/2013,Mumbai Indians,Kings XI Punjab,Mumbai Indians,bat,normal,0,Mumbai Indians,4,0,RG Sharma
421,421,421,421,421,422,2013,Pune,4/30/2013,Chennai Super Kings,Pune Warriors,Chennai Super Kings,bat,normal,0,Chennai Super Kings,37,0,MS Dhoni
422,422,422,422,422,423,2013,Hyderabad,5/1/2013,Mumbai Indians,Sunrisers Hyderabad,Mumbai Indians,bat,normal,0,Sunrisers Hyderabad,0,7,I Sharma
423,423,423,423,423,424,2013,Raipur,5/1/2013,Kolkata Knight Riders,Delhi Daredevils,Kolkata Knight Riders,bat,normal,0,Delhi Daredevils,0,7,DA Warner
424,424,424,424,424,425,2013,Chennai,5/2/2013,Chennai Super Kings,Kings XI Punjab,Chennai Super Kings,bat,normal,0,Chennai Super Kings,15,0,SK Raina
425,425,425,425,425,426,2013,Pune,5/2/2013,Royal Challengers Bangalore,Pune Warriors,Royal Challengers Bangalore,bat,normal,0,Royal Challengers Bangalore,17,0,AB de Villiers
426,426,426,426,426,427,2013,Kolkata,5/3/2013,Rajasthan Royals,Kolkata Knight Riders,Rajasthan Royals,bat,normal,0,Kolkata Knight Riders,0,8,YK Pathan
427,427,427,427,427,428,2013,Hyderabad,5/4/2013,Delhi Daredevils,Sunrisers Hyderabad,Delhi Daredevils,bat,normal,0,Sunrisers Hyderabad,0,6,DJG Sammy
428,428,428,428,428,429,2013,Bangalore,5/14/2013,Royal Challengers Bangalore,Kings XI Punjab,Kings XI Punjab,field,normal,0,Kings XI Punjab,0,7,AC Gilchrist
429,429,429,429,429,430,2013,Mumbai,5/5/2013,Mumbai Indians,Chennai Super Kings,Mumbai Indians,bat,normal,0,Mumbai Indians,60,0,MG Johnson
430,430,430,430,430,431,2013,Jaipur,5/5/2013,Pune Warriors,Rajasthan Royals,Pune Warriors,bat,normal,0,Rajasthan Royals,0,5,AM Rahane
431,431,431,431,431,432,2013,Bangalore,4/9/2013,Sunrisers Hyderabad,Royal Challengers Bangalore,Sunrisers Hyderabad,bat,normal,0,Royal Challengers Bangalore,0,7,V Kohli
432,432,432,432,432,433,2013,Jaipur,5/7/2013,Delhi Daredevils,Rajasthan Royals,Delhi Daredevils,bat,normal,0,Rajasthan Royals,0,9,AM Rahane
433,433,433,433,433,434,2013,Mumbai,5/7/2013,Mumbai Indians,Kolkata Knight Riders,Mumbai Indians,bat,normal,0,Mumbai Indians,65,0,SR Tendulkar
434,434,434,434,434,435,2013,Hyderabad,5/8/2013,Chennai Super Kings,Sunrisers Hyderabad,Sunrisers Hyderabad,field,normal,0,Chennai Super Kings,77,0,SK Raina
435,435,435,435,435,436,2013,Chandigarh,5/9/2013,Kings XI Punjab,Rajasthan Royals,Rajasthan Royals,field,normal,0,Rajasthan Royals,0,8,KK Cooper
436,436,436,436,436,437,2013,Pune,5/9/2013,Kolkata Knight Riders,Pune Warriors,Kolkata Knight Riders,bat,normal,0,Kolkata Knight Riders,46,0,G Gambhir
437,437,437,437,437,438,2013,Delhi,5/10/2013,Royal Challengers Bangalore,Delhi Daredevils,Delhi Daredevils,field,normal,0,Royal Challengers Bangalore,4,0,JD Unadkat
438,438,438,438,438,439,2013,Pune,5/11/2013,Pune Warriors,Mumbai Indians,Pune Warriors,bat,normal,0,Mumbai Indians,0,5,MG Johnson
439,439,439,439,439,440,2013,Chandigarh,5/11/2013,Sunrisers Hyderabad,Kings XI Punjab,Kings XI Punjab,field,normal,0,Sunrisers Hyderabad,30,0,PA Patel
440,440,440,440,440,441,2013,Ranchi,5/12/2013,Royal Challengers Bangalore,Kolkata Knight Riders,Kolkata Knight Riders,field,normal,0,Kolkata Knight Riders,0,5,JH Kallis
441,441,441,441,441,442,2013,Jaipur,5/12/2013,Chennai Super Kings,Rajasthan Royals,Rajasthan Royals,field,normal,0,Rajasthan Royals,0,5,SR Watson
442,442,442,442,442,443,2013,Delhi,4/23/2013,Delhi Daredevils,Kings XI Punjab,Kings XI Punjab,field,normal,0,Kings XI Punjab,0,5,Harmeet Singh
443,443,443,443,443,444,2013,Mumbai,5/13/2013,Sunrisers Hyderabad,Mumbai Indians,Sunrisers Hyderabad,bat,normal,0,Mumbai Indians,0,7,KA Pollard
444,444,444,444,444,445,2013,Ranchi,5/15/2013,Pune Warriors,Kolkata Knight Riders,Kolkata Knight Riders,field,normal,0,Pune Warriors,7,0,MK Pandey
445,445,445,445,445,446,2013,Chennai,5/14/2013,Chennai Super Kings,Delhi Daredevils,Chennai Super Kings,bat,normal,0,Chennai Super Kings,33,0,MS Dhoni
446,446,446,446,446,447,2013,Mumbai,5/15/2013,Mumbai Indians,Rajasthan Royals,Rajasthan Royals,field,normal,0,Mumbai Indians,14,0,AP Tare
447,447,447,447,447,448,2013,Chandigarh,5/6/2013,Royal Challengers Bangalore,Kings XI Punjab,Kings XI Punjab,field,normal,0,Kings XI Punjab,0,6,DA Miller
448,448,448,448,448,449,2013,Hyderabad,5/17/2013,Sunrisers Hyderabad,Rajasthan Royals,Sunrisers Hyderabad,bat,normal,0,Sunrisers Hyderabad,23,0,A Mishra
449,449,449,449,449,450,2013,Dharamsala,5/18/2013,Kings XI Punjab,Mumbai Indians,Mumbai Indians,field,normal,0,Kings XI Punjab,50,0,Azhar Mahmood
450,450,450,450,450,451,2013,Pune,5/19/2013,Pune Warriors,Delhi Daredevils,Pune Warriors,bat,normal,0,Pune Warriors,38,0,LJ Wright
451,451,451,451,451,452,2013,Bangalore,5/18/2013,Royal Challengers Bangalore,Chennai Super Kings,Chennai Super Kings,field,normal,0,Royal Challengers Bangalore,24,0,V Kohli
452,452,452,452,452,453,2013,Hyderabad,5/19/2013,Kolkata Knight Riders,Sunrisers Hyderabad,Kolkata Knight Riders,bat,normal,0,Sunrisers Hyderabad,0,5,PA Patel
453,453,453,453,453,454,2013,Delhi,5/21/2013,Chennai Super Kings,Mumbai Indians,Chennai Super Kings,bat,normal,0,Chennai Super Kings,48,0,MEK Hussey
454,454,454,454,454,455,2013,Delhi,5/22/2013,Sunrisers Hyderabad,Rajasthan Royals,Sunrisers Hyderabad,bat,normal,0,Rajasthan Royals,0,4,BJ Hodge
455,455,455,455,455,456,2013,Kolkata,5/24/2013,Rajasthan Royals,Mumbai Indians,Rajasthan Royals,bat,normal,0,Mumbai Indians,0,4,Harbhajan Singh
456,456,456,456,456,457,2013,Kolkata,5/26/2013,Mumbai Indians,Chennai Super Kings,Mumbai Indians,bat,normal,0,Mumbai Indians,23,0,KA Pollard
457,457,457,457,457,458,2014,Abu Dhabi,4/16/2014,Kolkata Knight Riders,Mumbai Indians,Kolkata Knight Riders,bat,normal,0,Kolkata Knight Riders,41,0,JH Kallis
458,458,458,458,458,459,2014,Sharjah,4/17/2014,Delhi Daredevils,Royal Challengers Bangalore,Royal Challengers Bangalore,field,normal,0,Royal Challengers Bangalore,0,8,YS Chahal
459,459,459,459,459,460,2014,Abu Dhabi,4/18/2014,Chennai Super Kings,Kings XI Punjab,Chennai Super Kings,bat,normal,0,Kings XI Punjab,0,6,GJ Maxwell
460,460,460,460,460,461,2014,Abu Dhabi,4/18/2014,Sunrisers Hyderabad,Rajasthan Royals,Rajasthan Royals,field,normal,0,Rajasthan Royals,0,4,AM Rahane
461,461,461,461,461,462,2014,,4/19/2014,Mumbai Indians,Royal Challengers Bangalore,Royal Challengers Bangalore,field,normal,0,Royal Challengers Bangalore,0,7,PA Patel
462,462,462,462,462,463,2014,,4/19/2014,Kolkata Knight Riders,Delhi Daredevils,Kolkata Knight Riders,bat,normal,0,Delhi Daredevils,0,4,JP Duminy
463,463,463,463,463,464,2014,Sharjah,4/20/2014,Rajasthan Royals,Kings XI Punjab,Kings XI Punjab,field,normal,0,Kings XI Punjab,0,7,GJ Maxwell
464,464,464,464,464,465,2014,Abu Dhabi,4/21/2014,Chennai Super Kings,Delhi Daredevils,Chennai Super Kings,bat,normal,0,Chennai Super Kings,93,0,SK Raina
465,465,465,465,465,466,2014,Sharjah,4/22/2014,Kings XI Punjab,Sunrisers Hyderabad,Sunrisers Hyderabad,field,normal,0,Kings XI Punjab,72,0,GJ Maxwell
466,466,466,466,466,467,2014,,4/23/2014,Chennai Super Kings,Rajasthan Royals,Rajasthan Royals,field,normal,0,Chennai Super Kings,7,0,RA Jadeja
467,467,467,467,467,468,2014,Sharjah,4/24/2014,Kolkata Knight Riders,Royal Challengers Bangalore,Royal Challengers Bangalore,field,normal,0,Kolkata Knight Riders,2,0,CA Lynn
468,468,468,468,468,469,2014,,4/25/2014,Sunrisers Hyderabad,Delhi Daredevils,Sunrisers Hyderabad,bat,normal,0,Sunrisers Hyderabad,4,0,AJ Finch
469,469,469,469,469,470,2014,,4/25/2014,Mumbai Indians,Chennai Super Kings,Mumbai Indians,bat,normal,0,Chennai Super Kings,0,7,MM Sharma
470,470,470,470,470,471,2014,Abu Dhabi,4/26/2014,Royal Challengers Bangalore,Rajasthan Royals,Rajasthan Royals,field,normal,0,Rajasthan Royals,0,6,PV Tambe
471,471,471,471,471,472,2014,Abu Dhabi,4/26/2014,Kings XI Punjab,Kolkata Knight Riders,Kolkata Knight Riders,field,normal,0,Kings XI Punjab,23,0,Sandeep Sharma
472,472,472,472,472,473,2014,Sharjah,4/27/2014,Mumbai Indians,Delhi Daredevils,Mumbai Indians,bat,normal,0,Delhi Daredevils,0,6,M Vijay
473,473,473,473,473,474,2014,Sharjah,4/27/2014,Sunrisers Hyderabad,Chennai Super Kings,Sunrisers Hyderabad,bat,normal,0,Chennai Super Kings,0,5,DR Smith
474,474,474,474,474,475,2014,,4/28/2014,Royal Challengers Bangalore,Kings XI Punjab,Kings XI Punjab,field,normal,0,Kings XI Punjab,0,5,Sandeep Sharma
475,475,475,475,475,476,2014,Abu Dhabi,4/29/2014,Rajasthan Royals,Kolkata Knight Riders,Rajasthan Royals,bat,tie,0,Rajasthan Royals,0,0,JP Faulkner
476,476,476,476,476,477,2014,,4/30/2014,Sunrisers Hyderabad,Mumbai Indians,Mumbai Indians,field,normal,0,Sunrisers Hyderabad,15,0,B Kumar
477,477,477,477,477,478,2014,Ranchi,5/2/2014,Chennai Super Kings,Kolkata Knight Riders,Chennai Super Kings,bat,normal,0,Chennai Super Kings,34,0,RA Jadeja
478,478,478,478,478,479,2014,Mumbai,5/3/2014,Kings XI Punjab,Mumbai Indians,Kings XI Punjab,bat,normal,0,Mumbai Indians,0,5,CJ Anderson
479,479,479,479,479,480,2014,Delhi,5/3/2014,Delhi Daredevils,Rajasthan Royals,Rajasthan Royals,field,normal,0,Rajasthan Royals,0,7,KK Nair
480,480,480,480,480,481,2014,Bangalore,5/4/2014,Sunrisers Hyderabad,Royal Challengers Bangalore,Royal Challengers Bangalore,field,normal,0,Royal Challengers Bangalore,0,4,AB de Villiers
481,481,481,481,481,482,2014,Ahmedabad,5/5/2014,Rajasthan Royals,Kolkata Knight Riders,Kolkata Knight Riders,field,normal,0,Rajasthan Royals,10,0,PV Tambe
482,482,482,482,482,483,2014,Delhi,5/5/2014,Delhi Daredevils,Chennai Super Kings,Chennai Super Kings,field,normal,0,Chennai Super Kings,0,8,DR Smith
483,483,483,483,483,484,2014,Mumbai,5/6/2014,Mumbai Indians,Royal Challengers Bangalore,Royal Challengers Bangalore,field,normal,0,Mumbai Indians,19,0,RG Sharma
484,484,484,484,484,485,2014,Delhi,5/7/2014,Delhi Daredevils,Kolkata Knight Riders,Delhi Daredevils,bat,normal,0,Kolkata Knight Riders,0,8,G Gambhir
485,485,485,485,485,486,2014,Cuttack,5/7/2014,Kings XI Punjab,Chennai Super Kings,Chennai Super Kings,field,normal,0,Kings XI Punjab,44,0,GJ Maxwell
486,486,486,486,486,487,2014,Ahmedabad,5/8/2014,Sunrisers Hyderabad,Rajasthan Royals,Rajasthan Royals,field,normal,0,Sunrisers Hyderabad,32,0,B Kumar
487,487,487,487,487,488,2014,Bangalore,5/9/2014,Kings XI Punjab,Royal Challengers Bangalore,Royal Challengers Bangalore,field,normal,0,Kings XI Punjab,32,0,Sandeep Sharma
488,488,488,488,488,489,2014,Delhi,5/10/2014,Delhi Daredevils,Sunrisers Hyderabad,Sunrisers Hyderabad,field,normal,1,Sunrisers Hyderabad,0,8,DW Steyn
489,489,489,489,489,490,2014,Mumbai,5/10/2014,Mumbai Indians,Chennai Super Kings,Chennai Super Kings,field,normal,0,Chennai Super Kings,0,4,DR Smith
490,490,490,490,490,491,2014,Cuttack,5/11/2014,Kings XI Punjab,Kolkata Knight Riders,Kolkata Knight Riders,field,normal,0,Kolkata Knight Riders,0,9,G Gambhir
491,491,491,491,491,492,2014,Bangalore,5/11/2014,Royal Challengers Bangalore,Rajasthan Royals,Royal Challengers Bangalore,bat,normal,0,Rajasthan Royals,0,5,JP Faulkner
492,492,492,492,492,493,2014,Hyderabad,5/12/2014,Sunrisers Hyderabad,Mumbai Indians,Sunrisers Hyderabad,bat,normal,0,Mumbai Indians,0,7,AT Rayudu
493,493,493,493,493,494,2014,Ranchi,5/13/2014,Rajasthan Royals,Chennai Super Kings,Rajasthan Royals,bat,normal,0,Chennai Super Kings,0,5,RA Jadeja
494,494,494,494,494,495,2014,Bangalore,5/13/2014,Royal Challengers Bangalore,Delhi Daredevils,Delhi Daredevils,field,normal,0,Royal Challengers Bangalore,16,0,Yuvraj Singh
495,495,495,495,495,496,2014,Hyderabad,5/14/2014,Sunrisers Hyderabad,Kings XI Punjab,Kings XI Punjab,field,normal,0,Kings XI Punjab,0,6,WP Saha
496,496,496,496,496,497,2014,Cuttack,5/14/2014,Mumbai Indians,Kolkata Knight Riders,Kolkata Knight Riders,field,normal,0,Kolkata Knight Riders,0,6,RV Uthappa
497,497,497,497,497,498,2014,Ahmedabad,5/15/2014,Rajasthan Royals,Delhi Daredevils,Delhi Daredevils,field,normal,0,Rajasthan Royals,62,0,AM Rahane
498,498,498,498,498,499,2014,Ranchi,5/18/2014,Chennai Super Kings,Royal Challengers Bangalore,Chennai Super Kings,bat,normal,0,Royal Challengers Bangalore,0,5,AB de Villiers
499,499,499,499,499,500,2014,Hyderabad,5/18/2014,Sunrisers Hyderabad,Kolkata Knight Riders,Sunrisers Hyderabad,bat,normal,0,Kolkata Knight Riders,0,7,UT Yadav
500,500,500,500,500,501,2014,Ahmedabad,5/19/2014,Mumbai Indians,Rajasthan Royals,Mumbai Indians,bat,normal,0,Mumbai Indians,25,0,MEK Hussey
501,501,501,501,501,502,2014,Delhi,5/19/2014,Delhi Daredevils,Kings XI Punjab,Kings XI Punjab,field,normal,0,Kings XI Punjab,0,4,AR Patel
502,502,502,502,502,503,2014,Hyderabad,5/20/2014,Royal Challengers Bangalore,Sunrisers Hyderabad,Royal Challengers Bangalore,bat,normal,0,Sunrisers Hyderabad,0,7,DA Warner
503,503,503,503,503,504,2014,Kolkata,5/20/2014,Chennai Super Kings,Kolkata Knight Riders,Kolkata Knight Riders,field,normal,0,Kolkata Knight Riders,0,8,RV Uthappa
504,504,504,504,504,505,2014,Chandigarh,5/21/2014,Kings XI Punjab,Mumbai Indians,Mumbai Indians,field,normal,0,Mumbai Indians,0,7,LMP Simmons
505,505,505,505,505,506,2014,Kolkata,5/22/2014,Kolkata Knight Riders,Royal Challengers Bangalore,Royal Challengers Bangalore,field,normal,0,Kolkata Knight Riders,30,0,RV Uthappa
506,506,506,506,506,507,2014,Ranchi,5/22/2014,Chennai Super Kings,Sunrisers Hyderabad,Sunrisers Hyderabad,field,normal,0,Sunrisers Hyderabad,0,6,DA Warner
507,507,507,507,507,508,2014,Mumbai,5/23/2014,Mumbai Indians,Delhi Daredevils,Delhi Daredevils,field,normal,0,Mumbai Indians,15,0,MEK Hussey
508,508,508,508,508,509,2014,Chandigarh,5/23/2014,Kings XI Punjab,Rajasthan Royals,Rajasthan Royals,field,normal,0,Kings XI Punjab,16,0,SE Marsh
509,509,509,509,509,510,2014,Bangalore,5/24/2014,Royal Challengers Bangalore,Chennai Super Kings,Chennai Super Kings,field,normal,0,Chennai Super Kings,0,8,MS Dhoni
510,510,510,510,510,511,2014,Kolkata,5/24/2014,Sunrisers Hyderabad,Kolkata Knight Riders,Kolkata Knight Riders,field,normal,0,Kolkata Knight Riders,0,4,YK Pathan
511,511,511,511,511,512,2014,Chandigarh,5/25/2014,Delhi Daredevils,Kings XI Punjab,Kings XI Punjab,field,normal,0,Kings XI Punjab,0,7,M Vohra
512,512,512,512,512,513,2014,Mumbai,5/25/2014,Rajasthan Royals,Mumbai Indians,Mumbai Indians,field,normal,0,Mumbai Indians,0,5,CJ Anderson
513,513,513,513,513,514,2014,Kolkata,5/27/2014,Kolkata Knight Riders,Kings XI Punjab,Kings XI Punjab,field,normal,0,Kolkata Knight Riders,28,0,UT Yadav
514,514,514,514,514,515,2014,Mumbai,5/28/2014,Mumbai Indians,Chennai Super Kings,Chennai Super Kings,field,normal,0,Chennai Super Kings,0,7,SK Raina
515,515,515,515,515,516,2014,Mumbai,5/30/2014,Kings XI Punjab,Chennai Super Kings,Chennai Super Kings,field,normal,0,Kings XI Punjab,24,0,V Sehwag
516,516,516,516,516,517,2014,Bangalore,6/1/2014,Kings XI Punjab,Kolkata Knight Riders,Kolkata Knight Riders,field,normal,0,Kolkata Knight Riders,0,3,MK Pandey
517,517,517,517,517,518,2015,Kolkata,4/8/2015,Mumbai Indians,Kolkata Knight Riders,Kolkata Knight Riders,field,normal,0,Kolkata Knight Riders,0,7,M Morkel
518,518,518,518,518,519,2015,Chennai,4/9/2015,Chennai Super Kings,Delhi Daredevils,Delhi Daredevils,field,normal,0,Chennai Super Kings,1,0,A Nehra
519,519,519,519,519,520,2015,Pune,4/10/2015,Rajasthan Royals,Kings XI Punjab,Kings XI Punjab,field,normal,0,Rajasthan Royals,26,0,JP Faulkner
520,520,520,520,520,521,2015,Chennai,4/11/2015,Chennai Super Kings,Sunrisers Hyderabad,Chennai Super Kings,bat,normal,0,Chennai Super Kings,45,0,BB McCullum
521,521,521,521,521,522,2015,Kolkata,4/11/2015,Kolkata Knight Riders,Royal Challengers Bangalore,Royal Challengers Bangalore,field,normal,0,Royal Challengers Bangalore,0,3,CH Gayle
522,522,522,522,522,523,2015,Delhi,4/12/2015,Delhi Daredevils,Rajasthan Royals,Rajasthan Royals,field,normal,0,Rajasthan Royals,0,3,DJ Hooda
523,523,523,523,523,524,2015,Mumbai,4/12/2015,Kings XI Punjab,Mumbai Indians,Mumbai Indians,field,normal,0,Kings XI Punjab,18,0,GJ Bailey
524,524,524,524,524,525,2015,Bangalore,4/13/2015,Royal Challengers Bangalore,Sunrisers Hyderabad,Sunrisers Hyderabad,field,normal,0,Sunrisers Hyderabad,0,8,DA Warner
525,525,525,525,525,526,2015,Ahmedabad,4/14/2015,Mumbai Indians,Rajasthan Royals,Mumbai Indians,bat,normal,0,Rajasthan Royals,0,7,SPD Smith
526,526,526,526,526,527,2015,Kolkata,4/30/2015,Chennai Super Kings,Kolkata Knight Riders,Kolkata Knight Riders,field,normal,0,Kolkata Knight Riders,0,7,AD Russell
527,527,527,527,527,528,2015,Pune,4/15/2015,Kings XI Punjab,Delhi Daredevils,Kings XI Punjab,bat,normal,0,Delhi Daredevils,0,5,MA Agarwal
528,528,528,528,528,529,2015,Visakhapatnam,4/16/2015,Sunrisers Hyderabad,Rajasthan Royals,Rajasthan Royals,field,normal,0,Rajasthan Royals,0,6,AM Rahane
529,529,529,529,529,530,2015,Mumbai,4/17/2015,Mumbai Indians,Chennai Super Kings,Mumbai Indians,bat,normal,0,Chennai Super Kings,0,6,A Nehra
530,530,530,530,530,531,2015,Visakhapatnam,4/18/2015,Delhi Daredevils,Sunrisers Hyderabad,Delhi Daredevils,bat,normal,0,Delhi Daredevils,4,0,JP Duminy
531,531,531,531,531,532,2015,Pune,4/18/2015,Kings XI Punjab,Kolkata Knight Riders,Kolkata Knight Riders,field,normal,0,Kolkata Knight Riders,0,4,AD Russell
532,532,532,532,532,533,2015,Ahmedabad,4/19/2015,Chennai Super Kings,Rajasthan Royals,Chennai Super Kings,bat,normal,0,Rajasthan Royals,0,8,AM Rahane
533,533,533,533,533,534,2015,Bangalore,4/19/2015,Mumbai Indians,Royal Challengers Bangalore,Royal Challengers Bangalore,field,normal,0,Mumbai Indians,18,0,Harbhajan Singh
534,534,534,534,534,535,2015,Delhi,4/20/2015,Delhi Daredevils,Kolkata Knight Riders,Kolkata Knight Riders,field,normal,0,Kolkata Knight Riders,0,6,UT Yadav
535,535,535,535,535,536,2015,Ahmedabad,4/21/2015,Rajasthan Royals,Kings XI Punjab,Kings XI Punjab,field,tie,0,Kings XI Punjab,0,0,SE Marsh
536,536,536,536,536,537,2015,Visakhapatnam,4/22/2015,Sunrisers Hyderabad,Kolkata Knight Riders,Kolkata Knight Riders,field,normal,1,Sunrisers Hyderabad,16,0,DA Warner
537,537,537,537,537,538,2015,Bangalore,4/22/2015,Chennai Super Kings,Royal Challengers Bangalore,Royal Challengers Bangalore,field,normal,0,Chennai Super Kings,27,0,SK Raina
538,538,538,538,538,539,2015,Delhi,4/23/2015,Delhi Daredevils,Mumbai Indians,Mumbai Indians,field,normal,0,Delhi Daredevils,37,0,SS Iyer
539,539,539,539,539,540,2015,Ahmedabad,4/24/2015,Rajasthan Royals,Royal Challengers Bangalore,Royal Challengers Bangalore,field,normal,0,Royal Challengers Bangalore,0,9,MA Starc
540,540,540,540,540,541,2015,Mumbai,4/25/2015,Mumbai Indians,Sunrisers Hyderabad,Mumbai Indians,bat,normal,0,Mumbai Indians,20,0,SL Malinga
541,541,541,541,541,542,2015,Chennai,4/25/2015,Chennai Super Kings,Kings XI Punjab,Chennai Super Kings,bat,normal,0,Chennai Super Kings,97,0,BB McCullum
542,542,542,542,542,543,2015,Delhi,4/26/2015,Delhi Daredevils,Royal Challengers Bangalore,Royal Challengers Bangalore,field,normal,0,Royal Challengers Bangalore,0,10,VR Aaron
543,543,543,543,543,544,2015,Chandigarh,4/27/2015,Sunrisers Hyderabad,Kings XI Punjab,Kings XI Punjab,field,normal,0,Sunrisers Hyderabad,20,0,TA Boult
544,544,544,544,544,545,2015,Kolkata,5/7/2015,Kolkata Knight Riders,Delhi Daredevils,Kolkata Knight Riders,bat,normal,0,Kolkata Knight Riders,13,0,PP Chawla
545,545,545,545,545,546,2015,Bangalore,4/29/2015,Royal Challengers Bangalore,Rajasthan Royals,Rajasthan Royals,field,no result,0,,0,0,
546,546,546,546,546,547,2015,Chennai,4/28/2015,Chennai Super Kings,Kolkata Knight Riders,Kolkata Knight Riders,field,normal,0,Chennai Super Kings,2,0,DJ Bravo
547,547,547,547,547,548,2015,Delhi,5/1/2015,Kings XI Punjab,Delhi Daredevils,Delhi Daredevils,field,normal,0,Delhi Daredevils,0,9,NM Coulter-Nile
548,548,548,548,548,549,2015,Mumbai,5/1/2015,Mumbai Indians,Rajasthan Royals,Rajasthan Royals,field,normal,0,Mumbai Indians,8,0,AT Rayudu
549,549,549,549,549,550,2015,Bangalore,5/2/2015,Kolkata Knight Riders,Royal Challengers Bangalore,Royal Challengers Bangalore,field,normal,0,Royal Challengers Bangalore,0,7,Mandeep Singh
550,550,550,550,550,551,2015,Hyderabad,5/2/2015,Sunrisers Hyderabad,Chennai Super Kings,Chennai Super Kings,field,normal,0,Sunrisers Hyderabad,22,0,DA Warner
551,551,551,551,551,552,2015,Chandigarh,5/3/2015,Mumbai Indians,Kings XI Punjab,Mumbai Indians,bat,normal,0,Mumbai Indians,23,0,LMP Simmons
552,552,552,552,552,553,2015,Mumbai,5/3/2015,Rajasthan Royals,Delhi Daredevils,Delhi Daredevils,field,normal,0,Rajasthan Royals,14,0,AM Rahane
553,553,553,553,553,554,2015,Chennai,5/4/2015,Chennai Super Kings,Royal Challengers Bangalore,Chennai Super Kings,bat,normal,0,Chennai Super Kings,24,0,SK Raina
554,554,554,554,554,555,2015,Kolkata,5/4/2015,Kolkata Knight Riders,Sunrisers Hyderabad,Sunrisers Hyderabad,field,normal,0,Kolkata Knight Riders,35,0,UT Yadav
555,555,555,555,555,556,2015,Mumbai,5/5/2015,Delhi Daredevils,Mumbai Indians,Delhi Daredevils,bat,normal,0,Mumbai Indians,0,5,Harbhajan Singh
556,556,556,556,556,557,2015,Bangalore,5/6/2015,Royal Challengers Bangalore,Kings XI Punjab,Kings XI Punjab,field,normal,0,Royal Challengers Bangalore,138,0,CH Gayle
557,557,557,557,557,558,2015,Mumbai,5/7/2015,Sunrisers Hyderabad,Rajasthan Royals,Rajasthan Royals,field,normal,0,Sunrisers Hyderabad,7,0,EJG Morgan
558,558,558,558,558,559,2015,Chennai,5/8/2015,Chennai Super Kings,Mumbai Indians,Chennai Super Kings,bat,normal,0,Mumbai Indians,0,6,HH Pandya
559,559,559,559,559,560,2015,Kolkata,5/9/2015,Kings XI Punjab,Kolkata Knight Riders,Kings XI Punjab,bat,normal,0,Kolkata Knight Riders,0,1,AD Russell
560,560,560,560,560,561,2015,Raipur,5/9/2015,Sunrisers Hyderabad,Delhi Daredevils,Sunrisers Hyderabad,bat,normal,0,Sunrisers Hyderabad,6,0,MC Henriques
561,561,561,561,561,562,2015,Mumbai,5/10/2015,Royal Challengers Bangalore,Mumbai Indians,Royal Challengers Bangalore,bat,normal,0,Royal Challengers Bangalore,39,0,AB de Villiers
562,562,562,562,562,563,2015,Chennai,5/10/2015,Chennai Super Kings,Rajasthan Royals,Chennai Super Kings,bat,normal,0,Chennai Super Kings,12,0,RA Jadeja
563,563,563,563,563,564,2015,Hyderabad,5/11/2015,Sunrisers Hyderabad,Kings XI Punjab,Sunrisers Hyderabad,bat,normal,0,Sunrisers Hyderabad,5,0,DA Warner
564,564,564,564,564,565,2015,Raipur,5/12/2015,Chennai Super Kings,Delhi Daredevils,Chennai Super Kings,bat,normal,0,Delhi Daredevils,0,6,Z Khan
565,565,565,565,565,566,2015,Chandigarh,5/13/2015,Kings XI Punjab,Royal Challengers Bangalore,Royal Challengers Bangalore,field,normal,0,Kings XI Punjab,22,0,AR Patel
566,566,566,566,566,567,2015,Mumbai,5/14/2015,Mumbai Indians,Kolkata Knight Riders,Kolkata Knight Riders,field,normal,0,Mumbai Indians,5,0,HH Pandya
567,567,567,567,567,568,2015,Hyderabad,5/15/2015,Sunrisers Hyderabad,Royal Challengers Bangalore,Sunrisers Hyderabad,bat,normal,1,Royal Challengers Bangalore,0,6,V Kohli
568,568,568,568,568,569,2015,Chandigarh,5/16/2015,Kings XI Punjab,Chennai Super Kings,Kings XI Punjab,bat,normal,0,Chennai Super Kings,0,7,P Negi
569,569,569,569,569,570,2015,Mumbai,5/16/2015,Rajasthan Royals,Kolkata Knight Riders,Rajasthan Royals,bat,normal,0,Rajasthan Royals,9,0,SR Watson
570,570,570,570,570,571,2015,Bangalore,5/17/2015,Delhi Daredevils,Royal Challengers Bangalore,Royal Challengers Bangalore,field,no result,0,,0,0,
571,571,571,571,571,572,2015,Hyderabad,5/17/2015,Sunrisers Hyderabad,Mumbai Indians,Sunrisers Hyderabad,bat,normal,0,Mumbai Indians,0,9,MJ McClenaghan
572,572,572,572,572,573,2015,Mumbai,5/19/2015,Mumbai Indians,Chennai Super Kings,Mumbai Indians,bat,normal,0,Mumbai Indians,25,0,KA Pollard
573,573,573,573,573,574,2015,Pune,5/20/2015,Royal Challengers Bangalore,Rajasthan Royals,Royal Challengers Bangalore,bat,normal,0,Royal Challengers Bangalore,71,0,AB de Villiers
574,574,574,574,574,575,2015,Ranchi,5/22/2015,Royal Challengers Bangalore,Chennai Super Kings,Chennai Super Kings,field,normal,0,Chennai Super Kings,0,3,A Nehra
575,575,575,575,575,576,2015,Kolkata,5/24/2015,Mumbai Indians,Chennai Super Kings,Chennai Super Kings,field,normal,0,Mumbai Indians,41,0,RG Sharma
576,576,576,576,576,577,2016,Mumbai,4/9/2016,Mumbai Indians,Rising Pune Supergiants,Mumbai Indians,bat,normal,0,Rising Pune Supergiants,0,9,AM Rahane
577,577,577,577,577,578,2016,Kolkata,4/10/2016,Delhi Daredevils,Kolkata Knight Riders,Kolkata Knight Riders,field,normal,0,Kolkata Knight Riders,0,9,AD Russell
578,578,578,578,578,579,2016,Chandigarh,4/11/2016,Kings XI Punjab,Gujarat Lions,Gujarat Lions,field,normal,0,Gujarat Lions,0,5,AJ Finch
579,579,579,579,579,580,2016,Bangalore,4/12/2016,Royal Challengers Bangalore,Sunrisers Hyderabad,Sunrisers Hyderabad,field,normal,0,Royal Challengers Bangalore,45,0,AB de Villiers
580,580,580,580,580,581,2016,Kolkata,4/13/2016,Kolkata Knight Riders,Mumbai Indians,Mumbai Indians,field,normal,0,Mumbai Indians,0,6,RG Sharma
581,581,581,581,581,582,2016,Rajkot,4/14/2016,Rising Pune Supergiants,Gujarat Lions,Rising Pune Supergiants,bat,normal,0,Gujarat Lions,0,7,AJ Finch
582,582,582,582,582,583,2016,Delhi,4/15/2016,Kings XI Punjab,Delhi Daredevils,Delhi Daredevils,field,normal,0,Delhi Daredevils,0,8,A Mishra
583,583,583,583,583,584,2016,Hyderabad,4/16/2016,Sunrisers Hyderabad,Kolkata Knight Riders,Sunrisers Hyderabad,bat,normal,0,Kolkata Knight Riders,0,8,G Gambhir
584,584,584,584,584,585,2016,Mumbai,4/16/2016,Mumbai Indians,Gujarat Lions,Gujarat Lions,field,normal,0,Gujarat Lions,0,3,AJ Finch
585,585,585,585,585,586,2016,Chandigarh,4/17/2016,Rising Pune Supergiants,Kings XI Punjab,Rising Pune Supergiants,bat,normal,0,Kings XI Punjab,0,6,M Vohra
586,586,586,586,586,587,2016,Bangalore,4/17/2016,Royal Challengers Bangalore,Delhi Daredevils,Delhi Daredevils,field,normal,0,Delhi Daredevils,0,7,Q de Kock
587,587,587,587,587,588,2016,Hyderabad,4/18/2016,Mumbai Indians,Sunrisers Hyderabad,Sunrisers Hyderabad,field,normal,0,Sunrisers Hyderabad,0,7,DA Warner
588,588,588,588,588,589,2016,Chandigarh,4/19/2016,Kings XI Punjab,Kolkata Knight Riders,Kolkata Knight Riders,field,normal,0,Kolkata Knight Riders,0,6,RV Uthappa
589,589,589,589,589,590,2016,Mumbai,4/20/2016,Royal Challengers Bangalore,Mumbai Indians,Mumbai Indians,field,normal,0,Mumbai Indians,0,6,RG Sharma
590,590,590,590,590,591,2016,Rajkot,4/21/2016,Gujarat Lions,Sunrisers Hyderabad,Sunrisers Hyderabad,field,normal,0,Sunrisers Hyderabad,0,10,B Kumar
591,591,591,591,591,592,2016,Pune,4/22/2016,Royal Challengers Bangalore,Rising Pune Supergiants,Rising Pune Supergiants,field,normal,0,Royal Challengers Bangalore,13,0,AB de Villiers
592,592,592,592,592,593,2016,Delhi,4/23/2016,Delhi Daredevils,Mumbai Indians,Mumbai Indians,field,normal,0,Delhi Daredevils,10,0,SV Samson
593,593,593,593,593,594,2016,Hyderabad,4/23/2016,Kings XI Punjab,Sunrisers Hyderabad,Sunrisers Hyderabad,field,normal,0,Sunrisers Hyderabad,0,5,Mustafizur Rahman
594,594,594,594,594,595,2016,Rajkot,4/24/2016,Royal Challengers Bangalore,Gujarat Lions,Royal Challengers Bangalore,bat,normal,0,Gujarat Lions,0,6,V Kohli
595,595,595,595,595,596,2016,Pune,4/24/2016,Rising Pune Supergiants,Kolkata Knight Riders,Kolkata Knight Riders,field,normal,0,Kolkata Knight Riders,0,2,SA Yadav
596,596,596,596,596,597,2016,Chandigarh,4/25/2016,Mumbai Indians,Kings XI Punjab,Kings XI Punjab,field,normal,0,Mumbai Indians,25,0,PA Patel
597,597,597,597,597,598,2016,Hyderabad,4/26/2016,Sunrisers Hyderabad,Rising Pune Supergiants,Rising Pune Supergiants,field,normal,1,Rising Pune Supergiants,34,0,AB Dinda
598,598,598,598,598,599,2016,Delhi,4/27/2016,Gujarat Lions,Delhi Daredevils,Delhi Daredevils,field,normal,0,Gujarat Lions,1,0,CH Morris
599,599,599,599,599,600,2016,Mumbai,4/28/2016,Kolkata Knight Riders,Mumbai Indians,Mumbai Indians,field,normal,0,Mumbai Indians,0,6,RG Sharma
600,600,600,600,600,601,2016,Pune,4/29/2016,Rising Pune Supergiants,Gujarat Lions,Gujarat Lions,field,normal,0,Gujarat Lions,0,3,DR Smith
601,601,601,601,601,602,2016,Delhi,4/30/2016,Delhi Daredevils,Kolkata Knight Riders,Kolkata Knight Riders,field,normal,0,Delhi Daredevils,27,0,CR Brathwaite
602,602,602,602,602,603,2016,Hyderabad,4/30/2016,Sunrisers Hyderabad,Royal Challengers Bangalore,Royal Challengers Bangalore,field,normal,0,Sunrisers Hyderabad,15,0,DA Warner
603,603,603,603,603,604,2016,Rajkot,5/1/2016,Kings XI Punjab,Gujarat Lions,Gujarat Lions,field,normal,0,Kings XI Punjab,23,0,AR Patel
604,604,604,604,604,605,2016,Pune,5/1/2016,Rising Pune Supergiants,Mumbai Indians,Mumbai Indians,field,normal,0,Mumbai Indians,0,8,RG Sharma
605,605,605,605,605,606,2016,Bangalore,5/2/2016,Royal Challengers Bangalore,Kolkata Knight Riders,Kolkata Knight Riders,field,normal,0,Kolkata Knight Riders,0,5,AD Russell
606,606,606,606,606,607,2016,Rajkot,5/3/2016,Gujarat Lions,Delhi Daredevils,Delhi Daredevils,field,normal,0,Delhi Daredevils,0,8,RR Pant
607,607,607,607,607,608,2016,Kolkata,5/4/2016,Kolkata Knight Riders,Kings XI Punjab,Kings XI Punjab,field,normal,0,Kolkata Knight Riders,7,0,AD Russell
608,608,608,608,608,609,2016,Delhi,5/5/2016,Delhi Daredevils,Rising Pune Supergiants,Rising Pune Supergiants,field,normal,0,Rising Pune Supergiants,0,7,AM Rahane
609,609,609,609,609,610,2016,Hyderabad,5/6/2016,Gujarat Lions,Sunrisers Hyderabad,Sunrisers Hyderabad,field,normal,0,Sunrisers Hyderabad,0,5,B Kumar
610,610,610,610,610,611,2016,Bangalore,5/7/2016,Rising Pune Supergiants,Royal Challengers Bangalore,Royal Challengers Bangalore,field,normal,0,Royal Challengers Bangalore,0,7,V Kohli
611,611,611,611,611,612,2016,Chandigarh,5/7/2016,Kings XI Punjab,Delhi Daredevils,Delhi Daredevils,field,normal,0,Kings XI Punjab,9,0,MP Stoinis
612,612,612,612,612,613,2016,Visakhapatnam,5/8/2016,Sunrisers Hyderabad,Mumbai Indians,Mumbai Indians,field,normal,0,Sunrisers Hyderabad,85,0,A Nehra
613,613,613,613,613,614,2016,Kolkata,5/8/2016,Kolkata Knight Riders,Gujarat Lions,Gujarat Lions,field,normal,0,Gujarat Lions,0,5,P Kumar
614,614,614,614,614,615,2016,Chandigarh,5/9/2016,Royal Challengers Bangalore,Kings XI Punjab,Kings XI Punjab,field,normal,0,Royal Challengers Bangalore,1,0,SR Watson
615,615,615,615,615,616,2016,Visakhapatnam,5/10/2016,Sunrisers Hyderabad,Rising Pune Supergiants,Sunrisers Hyderabad,bat,normal,0,Sunrisers Hyderabad,4,0,A Zampa
616,616,616,616,616,617,2016,Bangalore,5/11/2016,Royal Challengers Bangalore,Mumbai Indians,Mumbai Indians,field,normal,0,Mumbai Indians,0,6,KH Pandya
617,617,617,617,617,618,2016,Hyderabad,5/12/2016,Sunrisers Hyderabad,Delhi Daredevils,Delhi Daredevils,field,normal,0,Delhi Daredevils,0,7,CH Morris
618,618,618,618,618,619,2016,Visakhapatnam,5/13/2016,Mumbai Indians,Kings XI Punjab,Mumbai Indians,bat,normal,0,Kings XI Punjab,0,7,MP Stoinis
619,619,619,619,619,620,2016,Bangalore,5/14/2016,Royal Challengers Bangalore,Gujarat Lions,Gujarat Lions,field,normal,0,Royal Challengers Bangalore,144,0,AB de Villiers
620,620,620,620,620,621,2016,Kolkata,5/14/2016,Rising Pune Supergiants,Kolkata Knight Riders,Rising Pune Supergiants,bat,normal,1,Kolkata Knight Riders,0,8,YK Pathan
621,621,621,621,621,622,2016,Chandigarh,5/15/2016,Kings XI Punjab,Sunrisers Hyderabad,Kings XI Punjab,bat,normal,0,Sunrisers Hyderabad,0,7,HM Amla
622,622,622,622,622,623,2016,Visakhapatnam,5/15/2016,Mumbai Indians,Delhi Daredevils,Delhi Daredevils,field,normal,0,Mumbai Indians,80,0,KH Pandya
623,623,623,623,623,624,2016,Kolkata,5/16/2016,Kolkata Knight Riders,Royal Challengers Bangalore,Royal Challengers Bangalore,field,normal,0,Royal Challengers Bangalore,0,9,V Kohli
624,624,624,624,624,625,2016,Visakhapatnam,5/17/2016,Delhi Daredevils,Rising Pune Supergiants,Rising Pune Supergiants,field,normal,1,Rising Pune Supergiants,19,0,AB Dinda
625,625,625,625,625,626,2016,Bangalore,5/18/2016,Royal Challengers Bangalore,Kings XI Punjab,Kings XI Punjab,field,normal,1,Royal Challengers Bangalore,82,0,V Kohli
626,626,626,626,626,627,2016,Kanpur,5/19/2016,Kolkata Knight Riders,Gujarat Lions,Gujarat Lions,field,normal,0,Gujarat Lions,0,6,DR Smith
627,627,627,627,627,628,2016,Raipur,5/20/2016,Sunrisers Hyderabad,Delhi Daredevils,Delhi Daredevils,field,normal,0,Delhi Daredevils,0,6,KK Nair
628,628,628,628,628,629,2016,Visakhapatnam,5/21/2016,Kings XI Punjab,Rising Pune Supergiants,Kings XI Punjab,bat,normal,0,Rising Pune Supergiants,0,4,MS Dhoni
629,629,629,629,629,630,2016,Kanpur,5/21/2016,Mumbai Indians,Gujarat Lions,Gujarat Lions,field,normal,0,Gujarat Lions,0,6,SK Raina
630,630,630,630,630,631,2016,Kolkata,5/22/2016,Kolkata Knight Riders,Sunrisers Hyderabad,Sunrisers Hyderabad,field,normal,0,Kolkata Knight Riders,22,0,YK Pathan
631,631,631,631,631,632,2016,Raipur,5/22/2016,Delhi Daredevils,Royal Challengers Bangalore,Royal Challengers Bangalore,field,normal,0,Royal Challengers Bangalore,0,6,V Kohli
632,632,632,632,632,633,2016,Bangalore,5/24/2016,Gujarat Lions,Royal Challengers Bangalore,Royal Challengers Bangalore,field,normal,0,Royal Challengers Bangalore,0,4,AB de Villiers
633,633,633,633,633,634,2016,Delhi,5/25/2016,Sunrisers Hyderabad,Kolkata Knight Riders,Kolkata Knight Riders,field,normal,0,Sunrisers Hyderabad,22,0,MC Henriques
634,634,634,634,634,635,2016,Delhi,5/27/2016,Gujarat Lions,Sunrisers Hyderabad,Sunrisers Hyderabad,field,normal,0,Sunrisers Hyderabad,0,4,DA Warner
635,635,635,635,635,636,2016,Bangalore,5/29/2016,Sunrisers Hyderabad,Royal Challengers Bangalore,Sunrisers Hyderabad,bat,normal,0,Sunrisers Hyderabad,8,0,BCJ Cutting
